/catalog/bochki_iz_kavkazskogo_duba/;/catalog/bochki_iz_amerikanskogo_duba/;301
/catalog/khomuty/SSFZK15/;/;301
/catalog/kolbasnye_shpritsy/;/catalog/kulinariya/;301
/catalog/kontsentraty/KYSTN5/;/catalog/kontsentraty/;301
/catalog/limonadnitsy/;/catalog/rozliv_i_khranenie/;301
/catalog/peregonnye_kuby/DDK12/;/catalog/peregonnye_kuby/ddk/;301
/catalog/peregonnye_kuby/ddk12/;/catalog/peregonnye_kuby/ddk/;301
/catalog/peregonnye_kuby/ddk122/;/catalog/peregonnye_kuby/ddk_2/;301
/catalog/peregonnye_kuby/DDK15/;/catalog/peregonnye_kuby/ddk/;301
/catalog/peregonnye_kuby/ddk15/;/catalog/peregonnye_kuby/ddk/;301
/catalog/peregonnye_kuby/DDK152/;/catalog/peregonnye_kuby/ddk_2/;301
/catalog/peregonnye_kuby/DDK20/;/catalog/peregonnye_kuby/ddk/;301
/catalog/peregonnye_kuby/ddk20/;/catalog/peregonnye_kuby/ddk/;301
/catalog/peregonnye_kuby/ddk202/;/catalog/peregonnye_kuby/ddk_2/;301
/catalog/peregonnye_kuby/DDK202/;/catalog/peregonnye_kuby/ddk_2/;301
/catalog/peregonnye_kuby/ddk202t/;/catalog/peregonnye_kuby/ddk_2/;301
/catalog/peregonnye_kuby/DDK202T/;/catalog/peregonnye_kuby/ddk_s_ten/;301
/catalog/peregonnye_kuby/DDK20T/;/catalog/peregonnye_kuby/ddk_s_ten/;301
/catalog/peregonnye_kuby/ddk20t/;/catalog/peregonnye_kuby/ddk_s_ten/;301
/catalog/peregonnye_kuby/DDK25/;/catalog/peregonnye_kuby/ddk/;301
/catalog/peregonnye_kuby/ddk252/;/catalog/peregonnye_kuby/ddk_2/;301
/catalog/peregonnye_kuby/DDK252T/;/catalog/peregonnye_kuby/ddk_2/;301
/catalog/peregonnye_kuby/DDK30/;/catalog/peregonnye_kuby/ddk/;301
/catalog/peregonnye_kuby/ddk30/;/catalog/peregonnye_kuby/ddk/;301
/catalog/peregonnye_kuby/ddk302/;/catalog/peregonnye_kuby/ddk_2/;301
/catalog/peregonnye_kuby/DDK302/;/catalog/peregonnye_kuby/ddk_2/;301
/catalog/peregonnye_kuby/DDK302T/;/catalog/peregonnye_kuby/ddk_s_ten/;301
/catalog/peregonnye_kuby/DDK302T/;/catalog/peregonnye_kuby/ddk_s_ten/;301
/catalog/peregonnye_kuby/DDK302T/;/catalog/peregonnye_kuby/ddk_s_ten/;301
/catalog/peregonnye_kuby/DDK30T/;/catalog/peregonnye_kuby/ddk_s_ten/;301
/catalog/peregonnye_kuby/ddk30t/;/catalog/peregonnye_kuby/ddk_s_ten/;301
/catalog/peregonnye_kuby/DDK40/;/catalog/peregonnye_kuby/ddk/;301
/catalog/peregonnye_kuby/ddk402/;/catalog/peregonnye_kuby/ddk_2/;301
/catalog/peregonnye_kuby/DDK402/;/catalog/peregonnye_kuby/ddk/;301
/catalog/peregonnye_kuby/ddk402t/;/catalog/peregonnye_kuby/ddk_s_ten/;301
/catalog/peregonnye_kuby/DDK402T/;/catalog/peregonnye_kuby/ddk_s_ten/;301
/catalog/peregonnye_kuby/ddk402tq2/;/catalog/peregonnye_kuby/ddk_s_ten/;301
/catalog/peregonnye_kuby/DDK402TQ2/;/catalog/peregonnye_kuby/ddk_s_ten/;301
/catalog/peregonnye_kuby/DDK50/;/catalog/peregonnye_kuby/ddk/;301
/catalog/peregonnye_kuby/ddk50/;/catalog/peregonnye_kuby/ddk/;301
/catalog/peregonnye_kuby/ddk502/;/catalog/peregonnye_kuby/ddk_2/;301
/catalog/peregonnye_kuby/DDK502/;/catalog/peregonnye_kuby/ddk/;301
/catalog/peregonnye_kuby/ddk502t/;/catalog/peregonnye_kuby/ddk_s_ten/;301
/catalog/peregonnye_kuby/DDK502T/;/catalog/peregonnye_kuby/ddk_s_ten/;301
/catalog/peregonnye_kuby/DDK502T2/;/catalog/peregonnye_kuby/ddk_s_ten/;301
/catalog/peregonnye_kuby/DDK60/;/catalog/peregonnye_kuby/ddk/;301
/catalog/peregonnye_kuby/ddk60/;/catalog/peregonnye_kuby/ddk/;301
/catalog/peregonnye_kuby/ddk602/;/catalog/peregonnye_kuby/ddk_2/;301
/catalog/peregonnye_kuby/DDK602/;/catalog/peregonnye_kuby/ddk_2/;301
/catalog/peregonnye_kuby/DDK602T/;/catalog/peregonnye_kuby/ddk_s_ten/;301
/catalog/peregonnye_kuby/ddk602t/;/catalog/peregonnye_kuby/ddk_s_ten/;301
/catalog/peregonnye_kuby/DDK602T2/;/catalog/peregonnye_kuby/ddk_s_ten/;301
/catalog/peregonnye_kuby/ddk602t2/;/catalog/peregonnye_kuby/ddk_s_ten/;301
/catalog/peregonnye_kuby/FPK100/;/catalog/peregonnye_kuby/fpk/;301
/catalog/peregonnye_kuby/fpk100/;/catalog/peregonnye_kuby/fpk/;301
/catalog/peregonnye_kuby/fpk12/;/catalog/peregonnye_kuby/fpk/;301
/catalog/peregonnye_kuby/FPK12/;/catalog/peregonnye_kuby/fpk/;301
/catalog/peregonnye_kuby/FPK120/;/catalog/peregonnye_kuby/fpk/;301
/catalog/peregonnye_kuby/fpk15/;/catalog/peregonnye_kuby/fpk/;301
/catalog/peregonnye_kuby/FPK15/;/catalog/peregonnye_kuby/fpk/;301
/catalog/peregonnye_kuby/fpk20/;/catalog/peregonnye_kuby/fpk/;301
/catalog/peregonnye_kuby/FPK20T/;/catalog/peregonnye_kuby/fpk_s_ten/;301
/catalog/peregonnye_kuby/fpk20t/;/catalog/peregonnye_kuby/fpk_s_ten/;301
/catalog/peregonnye_kuby/fpk25/;/catalog/peregonnye_kuby/fpk/;301
/catalog/peregonnye_kuby/FPK25/;/catalog/peregonnye_kuby/fpk/;301
/catalog/peregonnye_kuby/FPK25T/;/catalog/peregonnye_kuby/fpk_s_ten/;301
/catalog/peregonnye_kuby/fpk30/;/catalog/peregonnye_kuby/fpk/;301
/catalog/peregonnye_kuby/FPK30T/;/catalog/peregonnye_kuby/fpk_s_ten/;301
/catalog/peregonnye_kuby/fpk30t/;/catalog/peregonnye_kuby/fpk_s_ten/;301
/catalog/peregonnye_kuby/fpk40/;/catalog/peregonnye_kuby/fpk/;301
/catalog/peregonnye_kuby/FPK40/;/catalog/peregonnye_kuby/fpk/;301
/catalog/peregonnye_kuby/FPK40T/;/catalog/peregonnye_kuby/fpk_s_ten/;301
/catalog/peregonnye_kuby/fpk40t/;/catalog/peregonnye_kuby/fpk_s_ten/;301
/catalog/peregonnye_kuby/fpk50/;/catalog/peregonnye_kuby/fpk/;301
/catalog/peregonnye_kuby/FPK50/;/catalog/peregonnye_kuby/fpk/;301
/catalog/peregonnye_kuby/FPK50T/;/catalog/peregonnye_kuby/fpk_s_ten/;301
/catalog/peregonnye_kuby/fpk50t/;/catalog/peregonnye_kuby/fpk_s_ten/;301
/catalog/peregonnye_kuby/fpk60/;/catalog/peregonnye_kuby/fpk/;301
/catalog/peregonnye_kuby/FPK60/;/catalog/peregonnye_kuby/fpk/;301
/catalog/peregonnye_kuby/fpk60t/;/catalog/peregonnye_kuby/fpk_s_ten/;301
/catalog/peregonnye_kuby/peregonnyy_kub_dobryy_zhar_s_vykhodom_pod_ten/;/catalog/peregonnye_kuby/ddk_2/;301
/catalog/pivovarenie/drobilki_dlya_soloda/;/catalog/drobilki_dlya_soloda/;301
/catalog/pivovarenie/drobilki_dlya_soloda/drobilka_dlya_soloda_dvukh_valtsovaya_s_polozyami/;/catalog/drobilki_dlya_soloda/STSDSDV/;301
/catalog/pivovarenie/drobilki_dlya_soloda/drobilka_dlya_soloda_korona/;/catalog/drobilki_dlya_soloda/STDSSTD/;301
/catalog/pivovarenie/drobilki_dlya_soloda/elektricheskaya_melnitsa/;/catalog/drobilki_dlya_soloda/;301
/catalog/pivovarenie/ekstrakty/;/catalog/pivovarenie/;301
/catalog/pivovarenie/ekstrakty/dekstroza_25_kg/;/catalog/pivovarenie/;301
/catalog/pivovarenie/ekstrakty/laktoza/;/catalog/pivovarenie/;301
/catalog/pivovarenie/ekstrakty/svoya_kruzhka_barkhatnyy_el_okhmelennoe/;/catalog/pivovarenie/;301
/catalog/pivovarenie/ekstrakty/svoya_kruzhka_neokhmelenka_dlya_pshenichnykh_sortov/;/catalog/pivovarenie/;301
/catalog/pivovarenie/ekstrakty/svoya_kruzhka_neokhmelenka_dlya_svetlykh_sortov/;/catalog/pivovarenie/;301
/catalog/pivovarenie/ekstrakty/svoya_kruzhka_neokhmelenka_dlya_temnykh_sortov/;/catalog/pivovarenie/;301
/catalog/pivovarenie/ekstrakty/svoya_kruzhka_pshenichnoe_klassicheskoe_improvizatsiya/;/catalog/pivovarenie/;301
/catalog/pivovarenie/ekstrakty/svoya_kruzhka_pshenichnoe_klassicheskoe_okhmelennoe/;/catalog/pivovarenie/;301
/catalog/pivovarenie/ekstrakty/svoya_kruzhka_rzhanoy_el_okhmelennoe/;/catalog/pivovarenie/;301
/catalog/pivovarenie/ekstrakty/svoya_kruzhka_svetlyy_el_okhmelennyy_/;/catalog/pivovarenie/;301
/catalog/pivovarenie/ekstrakty/svoya_kruzhka_temnyy_el_okhmelennoe/;/catalog/pivovarenie/;301
/catalog/pivovarenie/ekstrakty/svoya_kruzhka_yachmennoe_klassicheskoe_improvizatsiya/;/catalog/pivovarenie/;301
/catalog/pivovarenie/ekstrakty/svoya_kruzhka_yachmennoe_klassicheskoe_okhmelennoe/;/catalog/pivovarenie/;301
/catalog/pivovarenie/ekstrakty/svoya_kruzhka_yachmennoe_temnoe_improvizatsiya/;/catalog/pivovarenie/;301
/catalog/pivovarenie/ekstrakty/svoya_kruzhka_zhigulevskiy_lager_okhmelennoe/;/catalog/pivovarenie/;301
/catalog/pivovarenie/emkosti-brozheniya/;/catalog/emkosti_dlya_brozheniya/;301
/catalog/pivovarenie/emkosti-brozheniya/bak_dlya_brozheniya_s_kryshkoy_32_l9996/;/catalog/emkosti_dlya_brozheniya/;301
/catalog/pivovarenie/emkosti-brozheniya/bochka_p_e_30_l_s_vint_kryshkoy_sinyaya1624/;/catalog/emkosti_dlya_brozheniya/;301
/catalog/pivovarenie/emkosti-brozheniya/dj_37/;/catalog/emkosti_dlya_brozheniya/;301
/catalog/pivovarenie/emkosti-brozheniya/dj_50/;/catalog/emkosti_dlya_brozheniya/;301
/catalog/pivovarenie/emkosti-brozheniya/dj_60/;/catalog/emkosti_dlya_brozheniya/;301
/catalog/pivovarenie/emkosti-brozheniya/gidrozatvor1703/;/catalog/emkosti_dlya_brozheniya/;301
/catalog/pivovarenie/emkosti-brozheniya/slivnoy_kran_na_bak_plastikovyy_3_8/;/catalog/emkosti_dlya_brozheniya/;301
/catalog/pivovarenie/khmel/;/catalog/khmel/;301
/catalog/pivovarenie/khmel/khmel_gran_aromatnyy_amarillo/;/catalog/pivovarenie/;301
/catalog/pivovarenie/khmel/khmel_gran_aromatnyy_kaskad_saaz/;/catalog/pivovarenie/;301
/catalog/pivovarenie/khmel/khmel_gran_gorkiy_nagget/;/catalog/pivovarenie/;301
/catalog/pivovarenie/khmel/khmel_gran_sort_podvyaznyy/;/catalog/pivovarenie/;301
/catalog/pivovarenie/khmel/khmel_granulirovannyy_mandarina_bavariya/;/catalog/pivovarenie/;301
/catalog/pivovarenie/komplektuyushchie-pivo/;/catalog/komplektuyushchie_dlya_pivovarni/;301
/catalog/pivovarenie/komplektuyushchie-pivo/chiller/;/catalog/komplektuyushchie_dlya_pivovarni/;301
/catalog/pivovarenie/komplektuyushchie-pivo/filtr_bazuka_15_sm_dlya_nasosa/;/catalog/komplektuyushchie_dlya_pivovarni/;301
/catalog/pivovarenie/komplektuyushchie-pivo/filtr_bazuka_30_sm_dlya_nasosa/;/catalog/komplektuyushchie_dlya_pivovarni/;301
/catalog/pivovarenie/komplektuyushchie-pivo/lozhka_meshalka_dlya_bragi_62_sm_plastik/;/catalog/komplektuyushchie_dlya_pivovarni/;301
/catalog/pivovarenie/komplektuyushchie-pivo/zatornyy_bak/;/catalog/komplektuyushchie_dlya_pivovarni/;301
/catalog/pivovarenie/komplektuyushchie-pivo/zavarnik_dlya_khmelya/;/catalog/komplektuyushchie_dlya_pivovarni/;301
/catalog/pivovarenie/pivnye-bashni/;/catalog/pivnye_bashni/;301
/catalog/pivovarenie/pivnye-bashni/dispenser_dlya_napitkov_dubovaya_bochka_/;/catalog/pivnye_bashni/BDPSD32/;301
/catalog/pivovarenie/pivnye-bashni/pivnaya_bashnya_hoegaarden/;/catalog/pivnye_bashni/DESHG3/;301
/catalog/pivovarenie/pivnye-bashni/pivnaya_bashnya_red_rocket/;/catalog/pivnye_bashni/DESSD303/;301
/catalog/pivovarenie/pivnye-bashni/pivnaya_bashnya_world_cup/;/catalog/pivnye_bashni/DESWC3/;301
/catalog/pivovarenie/pivnye-bashni/pivnaya_bashnya_zolotoy_kubok/;/catalog/pivnye_bashni/DESSD7983/;301
/catalog/pivovarenie/pivovarni/;/catalog/pivovarni/;301
/catalog/pivovarenie/pivovarni/nabor_dlya_prigotovleniya_pivo_lite/;/catalog/pivovarni/;301
/catalog/pivovarenie/pivovarni/nabor_dlya_prigotovleniya_pivo_pro/;/catalog/pivovarni/;301
/catalog/pivovarenie/pivovarni/pivovarnya_brugge_30l/;/catalog/pivovarni/PBRUG30/;301
/catalog/pivovarenie/pivovarni/pivovarnya_brugge/;/catalog/pivovarni/;301
/catalog/pivovarenie/rozliv-khranenie/;/catalog/rozliv_i_khranenie_piva/;301
/catalog/pivovarenie/rozliv-khranenie/butylka_pivnaya_s_bugelnoy_probkoy_0_5_l/;/catalog/rozliv_i_khranenie_piva/;301
/catalog/pivovarenie/rozliv-khranenie/butylka_pivnaya_s_bugelnoy_probkoy_0_75/;/catalog/rozliv_i_khranenie_piva/;301
/catalog/pivovarenie/rozliv-khranenie/butylka_pivnaya_s_bugelnoy_probkoy_1_l/;/catalog/rozliv_i_khranenie_piva/;301
/catalog/pivovarenie/rozliv-khranenie/butylka_pivnaya_varshava_0_5_l/;/catalog/rozliv_i_khranenie_piva/;301
/catalog/pivovarenie/rozliv-khranenie/ershik_dlya_butylok_zelenyy/;/catalog/rozliv_i_khranenie_piva/;301
/catalog/pivovarenie/rozliv-khranenie/kruzhka_dlya_piva_0_5_l/;/catalog/rozliv_i_khranenie_piva/;301
/catalog/pivovarenie/rozliv-khranenie/moyka_dlya_butylok/;/catalog/rozliv_i_khranenie_piva/;301
/catalog/pivovarenie/rozliv-khranenie/probka_drozhzheulovitel_pet/;/catalog/rozliv_i_khranenie_piva/;301
/catalog/pivovarenie/rozliv-khranenie/razlivayka/;/catalog/rozliv_i_khranenie_piva/;301
/catalog/pivovarenie/rozliv-khranenie/stanok_ukuporka_dlya_piva/;/catalog/rozliv_i_khranenie_piva/;301
/catalog/pivovarenie/rozliv-khranenie/sushka_dlya_butylok/;/catalog/rozliv_i_khranenie_piva/;301
/catalog/pivovarenie/rozliv-khranenie/ukuporka_emmili_dlya_piva/;/catalog/rozliv_i_khranenie_piva/;301
/catalog/pivovarenie/rozliv-khranenie/ustroystvo_dlya_zakruchivaniya_pegas_twist/;/catalog/rozliv_i_khranenie_piva/;301
/catalog/pivovarenie/skt/;/catalog/tskt/;301
/catalog/pivovarenie/skt/tskt_brugge_30_litrov/;/catalog/tskt/DJFBR30/;301
/catalog/pivovarenie/solod/;/catalog/solod/;301
/catalog/pivovarenie/solod/solod_pshenichnyy/;/catalog/pivovarenie/;301
/catalog/pivovarenie/solod/solod_rzhanoy_pivovarennyy_fermentirovannyy/;/catalog/pivovarenie/;301
/catalog/pivovarenie/solod/solod_svetlyy_pivovarennyy/;/catalog/pivovarenie/;301
/catalog/pivovarenie/solod/solod_yachmennyy_peyl_el/;/catalog/pivovarenie/;301
/catalog/pivovarenie/solod/solod_yachmennyy_pivovarennyy_karamelnyy_100/;/catalog/pivovarenie/;301
/catalog/pivovarenie/solod/solod_yachmennyy_pivovarennyy_karamelnyy_200/;/catalog/pivovarenie/;301
/catalog/pivovarenie/solod/solod_yachmennyy_pivovarennyy_karamelnyy_250/;/catalog/pivovarenie/;301
/catalog/pivovarenie/solod/solod_yachmennyy_pivovarennyy_karamelnyy_250/;/catalog/pivovarenie/;301
/catalog/pivovarenie/solod/solod_yachmennyy_pivovarennyy_melanoidinovyy_70/;/catalog/pivovarenie/;301
/catalog/pivovarenie/solod/solod_yachmennyy_pivovarennyy_myunkhenskiy_tip_2/;/catalog/pivovarenie/;301
/catalog/pivovarenie/solod/solod_yachmennyy_pivovarennyy_shokoladnyy/;/catalog/pivovarenie/;301
/catalog/pivovarenie/solod/solod_yachmennyy_pivovarennyy_venskiy/;/catalog/pivovarenie/;301
/catalog/pivovarenie/zernovye_nabory_dlya_piva/;/catalog/pivovarenie/;301
/catalog/pivovarenie/zernovye_nabory_dlya_piva/;/catalog/zernovye_nabory/;301
/catalog/pivovarenie/zernovye_nabory_dlya_piva/zernovoy_nabor_abbatskiy_el/;/catalog/pivovarenie/;301
/catalog/pivovarenie/zernovye_nabory_dlya_piva/zernovoy_nabor_abbatskiy_el/;/catalog/zernovye_nabory/;301
/catalog/pivovarenie/zernovye_nabory_dlya_piva/zernovoy_nabor_altbir/;/catalog/zernovye_nabory/;301
/catalog/pivovarenie/zernovye_nabory_dlya_piva/zernovoy_nabor_amerikanskiy_krasnyy_el/;/catalog/zernovye_nabory/;301
/catalog/pivovarenie/zernovye_nabory_dlya_piva/zernovoy_nabor_amerikanskiy_peyl_el/;/catalog/zernovye_nabory/;301
/catalog/pivovarenie/zernovye_nabory_dlya_piva/zernovoy_nabor_bavarskoe_pshenichnoe/;/catalog/zernovye_nabory/;301
/catalog/pivovarenie/zernovye_nabory_dlya_piva/zernovoy_nabor_brown_ale/;/catalog/zernovye_nabory/;301
/catalog/pivovarenie/zernovye_nabory_dlya_piva/zernovoy_nabor_cheshskiy_pilzner_el/;/catalog/zernovye_nabory/;301
/catalog/pivovarenie/zernovye_nabory_dlya_piva/zernovoy_nabor_indian_peyl_el_ipa/;/catalog/zernovye_nabory/;301
/catalog/pivovarenie/zernovye_nabory_dlya_piva/zernovoy_nabor_klassicheskiy_porter/;/catalog/zernovye_nabory/;301
/catalog/pivovarenie/zernovye_nabory_dlya_piva/zernovoy_nabor_londonskiy_porter/;/catalog/zernovye_nabory/;301
/catalog/pivovarenie/zernovye_nabory_dlya_piva/zernovoy_nabor_russkiy_imperskiy_staut/;/catalog/zernovye_nabory/;301
/catalog/pivovarenie/zernovye_nabory_dlya_piva/zernovoy_nabor_shokoladnyy_staut/;/catalog/zernovye_nabory/;301
/catalog/pivovarenie/zernovye_nabory_dlya_piva/zernovoy_nabor_sukhoy_staut/;/catalog/zernovye_nabory/;301
/catalog/pivovarenie/zernovye_nabory_dlya_piva/zernovoy_nabor_svetlyy_lager/;/catalog/zernovye_nabory/;301
/catalog/pivovarenie/zernovye_nabory_dlya_piva/zernovoy_nabor_yantarnyy_el_ira/;/catalog/zernovye_nabory/;301
/catalog/pivovarni/filter/clear/apply/;/catalog/pivovarni/;301
/catalog/samogonnye_apparaty/ekonom/;/catalog/samogonnye_apparaty/shakhter/;301
/catalog/samogonnye_apparaty/elegant_pro/;/catalog/samogonnye_apparaty/elegant_ekstra/;301
/catalog/samogonnye_apparaty/mechta/;/catalog/samogonnye_apparaty/mechta_new/;301
/catalog/samogonnye_apparaty/narodnyy/;/catalog/samogonnye_apparaty/narodnyy_new/;301
/catalog/samogonovarenie/bondarnye-izdeliya/;/catalog/dubovye_bochki/;301
/catalog/samogonovarenie/bondarnye-izdeliya/bochki_iz_amerikanskogo_duba/;/catalog/bochki_iz_amerikanskogo_duba/;301
/catalog/samogonovarenie/bondarnye-izdeliya/bochki_iz_amerikanskogo_duba/bochka_100_litrov/;/catalog/bochki_iz_amerikanskogo_duba/100L/;301
/catalog/samogonovarenie/bondarnye-izdeliya/bochki_iz_amerikanskogo_duba/bochka_16_litrov/;/catalog/bochki_iz_amerikanskogo_duba/16L/;301
/catalog/samogonovarenie/bondarnye-izdeliya/bochki_iz_amerikanskogo_duba/bochka_32_litra/;/catalog/bochki_iz_amerikanskogo_duba/32L/;301
/catalog/samogonovarenie/bondarnye-izdeliya/bochki_iz_amerikanskogo_duba/bochka_4_litra/;/catalog/bochki_iz_amerikanskogo_duba/4L/;301
/catalog/samogonovarenie/bondarnye-izdeliya/bochki_iz_amerikanskogo_duba/bochka_50_litrov/;/catalog/bochki_iz_amerikanskogo_duba/50L/;301
/catalog/samogonovarenie/bondarnye-izdeliya/bochki_iz_amerikanskogo_duba/bochka_8_litrov/;/catalog/bochki_iz_amerikanskogo_duba/8L/;301
/catalog/samogonovarenie/bondarnye-izdeliya/bochki_iz_kavkazskogo_duba/;/catalog/bochki_iz_kavkazskogo_duba/;301
/catalog/samogonovarenie/bondarnye-izdeliya/bochki_iz_kavkazskogo_duba/bochka_dubovaya_3_l/;/catalog/bochki_iz_kavkazskogo_duba/;301
/catalog/samogonovarenie/bondarnye-izdeliya/bochki_iz_kavkazskogo_duba/bochka_iz_skalnogo_duba_s_kranom/;/catalog/dubovye_bochki/;301
/catalog/samogonovarenie/bondarnye-izdeliya/bochki_iz_kavkazskogo_duba/bochka_iz_skalnogo_duba/;/catalog/dubovye_bochki/;301
/catalog/samogonovarenie/bondarnye-izdeliya/kadki_dubovye/;/catalog/kadki_dubovye/;301
/catalog/samogonovarenie/bondarnye-izdeliya/kadki_dubovye/kadka_dubovaya_3_l_330_300/;/catalog/kadki_dubovye/;301
/catalog/samogonovarenie/bondarnye-izdeliya/kadki_lipovye/;/catalog/kadki_lipovye/;301
/catalog/samogonovarenie/bondarnye-izdeliya/kadki_lipovye/kadka_lipa_3_l_330_300/;/catalog/kadki_lipovye/;301
/catalog/samogonovarenie/drozhzhi/;/catalog/spirtovye_drozhzhi/;301
/catalog/samogonovarenie/drozhzhi/drozhzhi_belorusskie/;/catalog/spirtovye_drozhzhi/;301
/catalog/samogonovarenie/drozhzhi/drozhzhi_belorusskie/drozhzhi_khmelnye_100_g/;/catalog/spirtovye_drozhzhi/;301
/catalog/samogonovarenie/drozhzhi/drozhzhi_belorusskie/drozhzhi_spirtovye_100_gramm/;/catalog/spirtovye_drozhzhi/;301
/catalog/samogonovarenie/drozhzhi/drozhzhi_belorusskie/drozhzhi_spirtovye_250_g/;/catalog/spirtovye_drozhzhi/;301
/catalog/samogonovarenie/drozhzhi/drozhzhi_belorusskie/drozhzhi_spirtovye_500_g/;/catalog/spirtovye_drozhzhi/;301
/catalog/samogonovarenie/drozhzhi/drozhzhi_gusto/;/catalog/spirtovye_drozhzhi/filter/brand-is-gusto/apply/;301
/catalog/samogonovarenie/drozhzhi/drozhzhi_gusto/fruit/;/catalog/spirtovye_drozhzhi/gusto_fruit/;301
/catalog/samogonovarenie/drozhzhi/drozhzhi_gusto/gross/;/catalog/spirtovye_drozhzhi/gusto_gross/;301
/catalog/samogonovarenie/drozhzhi/drozhzhi_gusto/h24/;/catalog/spirtovye_drozhzhi/gusto_H24/;301
/catalog/samogonovarenie/drozhzhi/drozhzhi_gusto/h48/;/catalog/spirtovye_drozhzhi/gusto_H48/;301
/catalog/samogonovarenie/drozhzhi/drozhzhi_gusto/h72/;/catalog/spirtovye_drozhzhi/gusto_H72/;301
/catalog/samogonovarenie/drozhzhi/drozhzhi_gusto/rum/;/catalog/spirtovye_drozhzhi/gusto_rum/;301
/catalog/samogonovarenie/drozhzhi/drozhzhi_gusto/turbo_drozhzhi_gusto_gross/;/catalog/spirtovye_drozhzhi/gusto_gross/;301
/catalog/samogonovarenie/drozhzhi/drozhzhi_gusto/turbo_drozhzhi_gusto_rum/;/catalog/spirtovye_drozhzhi/gusto_rum/;301
/catalog/samogonovarenie/drozhzhi/drozhzhi_gusto/vodka/;/catalog/spirtovye_drozhzhi/gusto_vodka/;301
/catalog/samogonovarenie/drozhzhi/drozhzhi_gusto/whiskey/;/catalog/spirtovye_drozhzhi/gusto_whisky/;301
/catalog/samogonovarenie/drozhzhi/drozhzhi_kodzi/;/catalog/spirtovye_drozhzhi/;301
/catalog/samogonovarenie/drozhzhi/drozhzhi_kodzi/angel_drozhzhi_kodzi_250_gr/;/catalog/spirtovye_drozhzhi/;301
/catalog/samogonovarenie/drozhzhi/drozhzhi_kodzi/angel_drozhzhi_kodzi_500_gr/;/catalog/spirtovye_drozhzhi/;301
/catalog/samogonovarenie/drozhzhi/drozhzhi_yes/;/catalog/spirtovye_drozhzhi/filter/brand-is-yes/apply/;301
/catalog/samogonovarenie/drozhzhi/drozhzhi_yes/black/;/catalog/spirtovye_drozhzhi/yes_black/;301
/catalog/samogonovarenie/drozhzhi/drozhzhi_yes/c24/;/catalog/spirtovye_drozhzhi/yes_C24/;301
/catalog/samogonovarenie/drozhzhi/drozhzhi_yes/c48/;/catalog/spirtovye_drozhzhi/yes_C48/;301
/catalog/samogonovarenie/drozhzhi/drozhzhi_yes/d3/;/catalog/spirtovye_drozhzhi/yes_D3/;301
/catalog/samogonovarenie/drozhzhi/drozhzhi_yes/frukt/;/catalog/spirtovye_drozhzhi/yes_frukt/;301
/catalog/samogonovarenie/drozhzhi/drozhzhi_yes/maxi/;/catalog/spirtovye_drozhzhi/yes_maxi/;301
/catalog/samogonovarenie/drozhzhi/drozhzhi_yes/spirtovye_turbo_drozhzhi_yes_youcan_whisky_45_g_/;/catalog/spirtovye_drozhzhi/yes_whisky/;301
/catalog/samogonovarenie/drozhzhi/drozhzhi_yes/strong/;/catalog/spirtovye_drozhzhi/yes_strong/;301
/catalog/samogonovarenie/drozhzhi/drozhzhi_yes/whisky/;/catalog/spirtovye_drozhzhi/yes_whisky/;301
/catalog/samogonovarenie/drozhzhi/drozhzhi_yes/yes_rum/;/catalog/spirtovye_drozhzhi/yes_rum/;301
/catalog/samogonovarenie/drozhzhi/drozhzhi_yes/yes_vodka/;/catalog/spirtovye_drozhzhi/yes_vodka/;301
/catalog/samogonovarenie/emkosti/;/catalog/emkosti_dlya_brozheniya/;301
/catalog/samogonovarenie/emkosti/falsh_dno/;/catalog/falshdno/;301
/catalog/samogonovarenie/emkosti/klapan_sbrosa_davleniya/;/catalog/klapany/;301
/catalog/samogonovarenie/emkosti/komplektuyushchie_dlya_kuba/;/catalog/komplektuyushchie/;301
/catalog/samogonovarenie/emkosti/komplektuyushchie_dlya_kuba/falshdno/;/catalog/falshdno/;301
/catalog/samogonovarenie/emkosti/komplektuyushchie_dlya_kuba/klapany/;/catalog/klapany/;301
/catalog/samogonovarenie/emkosti/komplektuyushchie_dlya_kuba/konusy/;/catalog/konusy/;301
/catalog/samogonovarenie/emkosti/komplektuyushchie_dlya_kuba/konusy/konus_nerzh_2_301_nizkiy_4_5_l/;/catalog/konusy/SSKM3014520/;301
/catalog/samogonovarenie/emkosti/komplektuyushchie_dlya_kuba/krany/;/catalog/krany/;301
/catalog/samogonovarenie/emkosti/komplektuyushchie_dlya_kuba/lampy/;/catalog/lampy/;301
/catalog/samogonovarenie/emkosti/komplektuyushchie_dlya_kuba/lampy/lampa_nerzh_2/;/catalog/lampy/SSLN36020/;301
/catalog/samogonovarenie/emkosti/komplektuyushchie_dlya_kuba/prokladki/;/catalog/prokladki/;301
/catalog/samogonovarenie/emkosti/komplektuyushchie_dlya_kuba/prokladki/prokladka_silikonovaya_pod_kryshku_dn_301/;/catalog/prokladki/SSPS301/;301
/catalog/samogonovarenie/emkosti/komplektuyushchie_dlya_kuba/teny/;/catalog/teny/;301
/catalog/samogonovarenie/emkosti/kran_1_4/;/catalog/krany/;301
/catalog/samogonovarenie/emkosti/kran_babochka/;/catalog/krany/;301
/catalog/samogonovarenie/emkosti/kub_feniks_100/;/catalog/peregonnye_kuby/FPK100/;301
/catalog/samogonovarenie/emkosti/kub_feniks_12/;/catalog/peregonnye_kuby/FPK12/;301
/catalog/samogonovarenie/emkosti/kub_feniks_120/;/catalog/peregonnye_kuby/filter/brand-is-feniks/apply/;301
/catalog/samogonovarenie/emkosti/kub_feniks_20/;/catalog/peregonnye_kuby/FPK20/;301
/catalog/samogonovarenie/emkosti/kub_feniks_25/;/catalog/peregonnye_kuby/FPK25/;301
/catalog/samogonovarenie/emkosti/kub_feniks_50/;/catalog/peregonnye_kuby/FPK50/;301
/catalog/samogonovarenie/emkosti/kub_feniks_60/;/catalog/peregonnye_kuby/filter/brand-is-feniks/apply/;301
/catalog/samogonovarenie/emkosti/kuby_20/;/catalog/peregonnye_kuby/FPK20/;301
/catalog/samogonovarenie/emkosti/kuby_30/;/catalog/peregonnye_kuby/FPK30/;301
/catalog/samogonovarenie/emkosti/kuby_50/;/catalog/peregonnye_kuby/FPK50/;301
/catalog/samogonovarenie/emkosti/kuby_dobryy_zhar/;/catalog/peregonnye_kuby/filter/brand-is-dobriy-jar/apply/;301
/catalog/samogonovarenie/emkosti/kuby_feniks/;/catalog/peregonnye_kuby/filter/brand-is-feniks/apply/;301
/catalog/samogonovarenie/emkosti/peregonnyy_kub_dobryy_zhar_12/;/catalog/peregonnye_kuby/DDK12/;301
/catalog/samogonovarenie/emkosti/peregonnyy_kub_dobryy_zhar_15_litrov/;/catalog/peregonnye_kuby/DDK15/;301
/catalog/samogonovarenie/emkosti/peregonnyy_kub_dobryy_zhar_20_litrov/;/catalog/peregonnye_kuby/DDK20/;301
/catalog/samogonovarenie/emkosti/peregonnyy_kub_dobryy_zhar_25_litrov/;/catalog/peregonnye_kuby/DDK25/;301
/catalog/samogonovarenie/emkosti/peregonnyy_kub_dobryy_zhar_30_litrov/;/catalog/peregonnye_kuby/ddk30/;301
/catalog/samogonovarenie/emkosti/peregonnyy_kub_dobryy_zhar_40_litrov/;/catalog/peregonnye_kuby/DDK40/;301
/catalog/samogonovarenie/emkosti/peregonnyy_kub_dobryy_zhar_60_litrov/;/catalog/peregonnye_kuby/DDK60/;301
/catalog/samogonovarenie/emkosti/perekhodnik_na_ten/;/catalog/teny/PTEND32/;301
/catalog/samogonovarenie/emkosti/regulyator_moshchnosti_dlya_tena_2_5_kvt/;/catalog/teny/;301
/catalog/samogonovarenie/emkosti/semnyy_tee_2_kvt/;/catalog/teny/;301
/catalog/samogonovarenie/emkosti/semnyy_ten_dn_32_teflon/;/catalog/teny/;301
/catalog/samogonovarenie/emkosti/semnyy_ten_dn32_nerzh_/;/catalog/teny/;301
/catalog/samogonovarenie/emkosti/ten_dn_32_3kw_s_termoregulyatorom/;/catalog/teny/;301
/catalog/samogonovarenie/emkosti/ten_dn_40_nerzh/;/catalog/teny/;301
/catalog/samogonovarenie/gotovyve_nabory_dlya_prigotovleniya_alkogolya/;/catalog/ingredienty/;301
/catalog/samogonovarenie/gotovyve_nabory_dlya_prigotovleniya_alkogolya/;/catalog/nabory_dlya_prigotovleniya/;301
/catalog/samogonovarenie/gotovyve_nabory_dlya_prigotovleniya_alkogolya/nabor_dlya_prigotovleniya_konyak_pro/;/catalog/nabory_dlya_prigotovleniya/;301
/catalog/samogonovarenie/gotovyve_nabory_dlya_prigotovleniya_alkogolya/nabor_dlya_prigotovleniya_konyak/;/catalog/nabory_dlya_prigotovleniya/;301
/catalog/samogonovarenie/gotovyve_nabory_dlya_prigotovleniya_alkogolya/nabor_dlya_prigotovleniya_rom/;/catalog/nabory_dlya_prigotovleniya/;301
/catalog/samogonovarenie/gotovyve_nabory_dlya_prigotovleniya_alkogolya/nabor_dlya_prigotovleniya_startovyy/;/catalog/nabory_dlya_prigotovleniya/;301
/catalog/samogonovarenie/gotovyve_nabory_dlya_prigotovleniya_alkogolya/nabor_dlya_prigotovleniya_viski_lite/;/catalog/nabory_dlya_prigotovleniya/;301
/catalog/samogonovarenie/gotovyve_nabory_dlya_prigotovleniya_alkogolya/nabor_dlya_prigotovleniya_viski_prestige/;/catalog/nabory_dlya_prigotovleniya/;301
/catalog/samogonovarenie/gotovyve_nabory_dlya_prigotovleniya_alkogolya/nabor_dlya_prigotovleniya_viski_pro/;/catalog/nabory_dlya_prigotovleniya/;301
/catalog/samogonovarenie/gotovyve_nabory_dlya_prigotovleniya_alkogolya/nabor_dlya_prigotovleniya_vodka/;/catalog/nabory_dlya_prigotovleniya/;301
/catalog/samogonovarenie/ingredienty/;/catalog/ingredienty/;301
/catalog/samogonovarenie/ingredienty/aromatizatory/;/catalog/aromatizatory/;301
/catalog/samogonovarenie/ingredienty/aromatizatory/aromatizator_pishchevoy_abrikos_etol/;/catalog/aromatizatory/;301
/catalog/samogonovarenie/ingredienty/aromatizatory/aromatizator_pishchevoy_absent_etol/;/catalog/essentsii/;301
/catalog/samogonovarenie/ingredienty/aromatizatory/aromatizator_pishchevoy_amaretto_etol/;/catalog/aromatizatory/;301
/catalog/samogonovarenie/ingredienty/aromatizatory/aromatizator_pishchevoy_bekherovka_etol/;/catalog/aromatizatory/;301
/catalog/samogonovarenie/ingredienty/aromatizatory/aromatizator_pishchevoy_beylis_etol/;/catalog/aromatizatory/;301
/catalog/samogonovarenie/ingredienty/aromatizatory/aromatizator_pishchevoy_brendi_etol/;/catalog/aromatizatory/;301
/catalog/samogonovarenie/ingredienty/aromatizatory/aromatizator_pishchevoy_brusnika_na_konyake_etol/;/catalog/aromatizatory/;301
/catalog/samogonovarenie/ingredienty/aromatizatory/aromatizator_pishchevoy_chacha_etol/;/catalog/aromatizatory/;301
/catalog/samogonovarenie/ingredienty/aromatizatory/aromatizator_pishchevoy_chernaya_smorodina_na_konyake_etol/;/catalog/aromatizatory/;301
/catalog/samogonovarenie/ingredienty/aromatizatory/aromatizator_pishchevoy_chernosliv_na_konyake_etol/;/catalog/aromatizatory/;301
/catalog/samogonovarenie/ingredienty/aromatizatory/aromatizator_pishchevoy_cherri_brendi_etol/;/catalog/aromatizatory/;301
/catalog/samogonovarenie/ingredienty/aromatizatory/aromatizator_pishchevoy_dynya_etol/;/catalog/aromatizatory/;301
/catalog/samogonovarenie/ingredienty/aromatizatory/aromatizator_pishchevoy_dzhin_etol/;/catalog/aromatizatory/;301
/catalog/samogonovarenie/ingredienty/aromatizatory/aromatizator_pishchevoy_grappa_etol/;/catalog/aromatizatory/;301
/catalog/samogonovarenie/ingredienty/aromatizatory/aromatizator_pishchevoy_kalvados_etol/;/catalog/aromatizatory/;301
/catalog/samogonovarenie/ingredienty/aromatizatory/aromatizator_pishchevoy_kedrovye_oreshki_na_konyake_etol/;/catalog/aromatizatory/;301
/catalog/samogonovarenie/ingredienty/aromatizatory/aromatizator_pishchevoy_klubnika_etol/;/catalog/aromatizatory/;301
/catalog/samogonovarenie/ingredienty/aromatizatory/aromatizator_pishchevoy_klyukva_na_konyake_etol/;/catalog/aromatizatory/;301
/catalog/samogonovarenie/ingredienty/aromatizatory/aromatizator_pishchevoy_konyak_frantsuzskiy_etol/;/catalog/aromatizatory/filter/vkus-is-cognac/apply/;301
/catalog/samogonovarenie/ingredienty/aromatizatory/aromatizator_pishchevoy_konyak_klassicheskiy_etol/;/catalog/aromatizatory/;301
/catalog/samogonovarenie/ingredienty/aromatizatory/aromatizator_pishchevoy_konyak_kofeynyy_etol/;/catalog/aromatizatory/;301
/catalog/samogonovarenie/ingredienty/aromatizatory/aromatizator_pishchevoy_konyak_mindalnyy_etol/;/catalog/aromatizatory/;301
/catalog/samogonovarenie/ingredienty/aromatizatory/aromatizator_pishchevoy_konyak_orekhovyy_etol/;/catalog/aromatizatory/;301
/catalog/samogonovarenie/ingredienty/aromatizatory/aromatizator_pishchevoy_konyak_shokoladnyy_etol/;/catalog/aromatizatory/;301
/catalog/samogonovarenie/ingredienty/aromatizatory/aromatizator_pishchevoy_konyak_vanilnyy_etol/;/catalog/aromatizatory/;301
/catalog/samogonovarenie/ingredienty/aromatizatory/aromatizator_pishchevoy_laym_etol/;/catalog/aromatizatory/;301
/catalog/samogonovarenie/ingredienty/aromatizatory/aromatizator_pishchevoy_liker_anisovyy_tip_sambuka_etol/;/catalog/aromatizatory/;301
/catalog/samogonovarenie/ingredienty/aromatizatory/aromatizator_pishchevoy_liker_blyu_kyurasao_etol/;/catalog/aromatizatory/;301
/catalog/samogonovarenie/ingredienty/aromatizatory/aromatizator_pishchevoy_liker_kofeynyy_kalua_etol/;/catalog/aromatizatory/;301
/catalog/samogonovarenie/ingredienty/aromatizatory/aromatizator_pishchevoy_liker_limonchello_etol/;/catalog/aromatizatory/;301
/catalog/samogonovarenie/ingredienty/aromatizatory/aromatizator_pishchevoy_liker_travyanoy_bitter_etol/;/catalog/aromatizatory/;301
/catalog/samogonovarenie/ingredienty/aromatizatory/aromatizator_pishchevoy_malina_etol/;/catalog/aromatizatory/;301
/catalog/samogonovarenie/ingredienty/aromatizatory/aromatizator_pishchevoy_medovukha_etol/;/catalog/aromatizatory/;301
/catalog/samogonovarenie/ingredienty/aromatizatory/aromatizator_pishchevoy_myata_etol/;/catalog/aromatizatory/;301
/catalog/samogonovarenie/ingredienty/aromatizatory/aromatizator_pishchevoy_portveyn_etol/;/catalog/aromatizatory/;301
/catalog/samogonovarenie/ingredienty/aromatizatory/aromatizator_pishchevoy_rom_temnyy_etol/;/catalog/aromatizatory/;301
/catalog/samogonovarenie/ingredienty/aromatizatory/aromatizator_pishchevoy_ryabina_na_konyake_etol/;/catalog/aromatizatory/;301
/catalog/samogonovarenie/ingredienty/aromatizatory/aromatizator_pishchevoy_tekila_etol/;/catalog/aromatizatory/;301
/catalog/samogonovarenie/ingredienty/aromatizatory/aromatizator_pishchevoy_vermut_etol/;/catalog/aromatizatory/;301
/catalog/samogonovarenie/ingredienty/aromatizatory/aromatizator_pishchevoy_viski_etol/;/catalog/aromatizatory/;301
/catalog/samogonovarenie/ingredienty/aromatizatory/aromatizator_pishchevoy_vodka_anisovaya_etol/;/catalog/aromatizatory/;301
/catalog/samogonovarenie/ingredienty/aromatizatory/aromatizator_pishchevoy_vodka_chernichnaya_etol/;/catalog/aromatizatory/filter/vkus-is-vodka/apply/;301
/catalog/samogonovarenie/ingredienty/aromatizatory/aromatizator_pishchevoy_vodka_chernosmorodinovaya_etol/;/catalog/aromatizatory/;301
/catalog/samogonovarenie/ingredienty/aromatizatory/aromatizator_pishchevoy_vodka_klyukvennaya_etol/;/catalog/aromatizatory/;301
/catalog/samogonovarenie/ingredienty/aromatizatory/aromatizator_pishchevoy_vodka_medovaya_etol/;/catalog/aromatizatory/;301
/catalog/samogonovarenie/ingredienty/aromatizatory/aromatizator_pishchevoy_vodka_polynnaya_etol/;/catalog/aromatizatory/;301
/catalog/samogonovarenie/ingredienty/aromatizatory/aromatizator_pishchevoy_vodka_vanilnaya_etol/;/catalog/aromatizatory/;301
/catalog/samogonovarenie/ingredienty/aromatizatory/aromatizator_pishchevoy_vodka_vinogradnaya_etol/;/catalog/aromatizatory/;301
/catalog/samogonovarenie/ingredienty/aromatizatory/aromatizator_pishchevoy_yabloko_etol/;/catalog/aromatizatory/;301
/catalog/samogonovarenie/ingredienty/bonifikatory/;/catalog/ingredienty/;301
/catalog/samogonovarenie/ingredienty/bonifikatory/bonifikator_kompleksnaya_pishchevaya_dobavka_khlebnyy_dar_150_gr/;/catalog/ingredienty/;301
/catalog/samogonovarenie/ingredienty/bonifikatory/bonifikator_kompleksnaya_pishchevaya_dobavka_vitalayt_150_gr/;/catalog/ingredienty/;301
/catalog/samogonovarenie/ingredienty/bonifikatory/bonifikator_uglevodnyy_kompleks_alko_premium_150_gr/;/catalog/ingredienty/;301
/catalog/samogonovarenie/ingredienty/bonifikatory/bonifikator_uglevodnyy_kompleks_viktoriya_150_gr/;/catalog/ingredienty/;301
/catalog/samogonovarenie/ingredienty/bonifikatory/bonifikator_uglevodnyy_modul_yantalak_gf_150_gr/;/catalog/ingredienty/;301
/catalog/samogonovarenie/ingredienty/essentsii/;/catalog/essentsii/;301
/catalog/samogonovarenie/ingredienty/essentsii/alco_spirit_chernichnaya_vodka_30_ml/;/catalog/essentsii/;301
/catalog/samogonovarenie/ingredienty/essentsii/alco_spirit_kokosovyy_rom_30_ml/;/catalog/essentsii/;301
/catalog/samogonovarenie/ingredienty/essentsii/alco_spirit_mokhito_30_ml/;/catalog/essentsii/filter/brand-is-alcospirit/apply/;301
/catalog/samogonovarenie/ingredienty/essentsii/alco_spirit_rom_30_ml/;/catalog/essentsii/;301
/catalog/samogonovarenie/ingredienty/essentsii/alco_spirit_shotlandskiy_viski_30_ml/;/catalog/essentsii/;301
/catalog/samogonovarenie/ingredienty/essentsii/alcostar_black_currant_30_ml/;/catalog/essentsii/;301
/catalog/samogonovarenie/ingredienty/essentsii/essentsiya_alcostar_american_bourbon_30_ml/;/catalog/essentsii/;301
/catalog/samogonovarenie/ingredienty/essentsii/essentsiya_elix_absinthe/;/catalog/essentsii/;301
/catalog/samogonovarenie/ingredienty/essentsii/essentsiya_elix_amaretto/;/catalog/essentsii/;301
/catalog/samogonovarenie/ingredienty/essentsii/essentsiya_elix_black_currant/;/catalog/essentsii/;301
/catalog/samogonovarenie/ingredienty/essentsii/essentsiya_elix_calvados/;/catalog/essentsii/;301
/catalog/samogonovarenie/ingredienty/essentsii/essentsiya_elix_cherry_brandy/;/catalog/essentsii/;301
/catalog/samogonovarenie/ingredienty/essentsii/essentsiya_elix_georgian_chacha/;/catalog/essentsii/;301
/catalog/samogonovarenie/ingredienty/essentsii/essentsiya_elix_irish_whiskey/;/catalog/essentsii/;301
/catalog/samogonovarenie/ingredienty/essentsii/essentsiya_elix_russian_polugar/;/catalog/essentsii/;301
/catalog/samogonovarenie/ingredienty/essentsii/essentsiya_elix_sangria/;/catalog/essentsii/;301
/catalog/samogonovarenie/ingredienty/essentsii/essentsiya_elix_scotch_whisky/;/catalog/essentsii/;301
/catalog/samogonovarenie/ingredienty/essentsii/essentsiya_elix_slivovice/;/catalog/essentsii/;301
/catalog/samogonovarenie/ingredienty/essentsii/essentsiya_elix_tequila/;/catalog/essentsii/;301
/catalog/samogonovarenie/ingredienty/essentsii/essentsiya_prestige_amber_cuba_rum_20_ml/;/catalog/essentsii/filter/obem_flakona-is-20ml/apply/;301
/catalog/samogonovarenie/ingredienty/essentsii/essentsiya_prestige_ameretto_almond_20_ml/;/catalog/essentsii/filter/obem_flakona-is-20ml/apply/;301
/catalog/samogonovarenie/ingredienty/essentsii/essentsiya_prestige_apricot_brandy_20_ml/;/catalog/essentsii/apricot_brandy_50/;301
/catalog/samogonovarenie/ingredienty/essentsii/essentsiya_prestige_black_russian_20_ml/;/catalog/essentsii/filter/obem_flakona-is-20ml/apply/;301
/catalog/samogonovarenie/ingredienty/essentsii/essentsiya_prestige_black_sambuka_20_ml/;/catalog/essentsii/black_sambuka_20/;301
/catalog/samogonovarenie/ingredienty/essentsii/essentsiya_prestige_bombay_dry_gin_20_ml/;/catalog/essentsii/filter/obem_flakona-is-20ml/apply/;301
/catalog/samogonovarenie/ingredienty/essentsii/essentsiya_prestige_bourbon_whiskey_20_ml/;/catalog/essentsii/filter/obem_flakona-is-20ml/apply/;301
/catalog/samogonovarenie/ingredienty/essentsii/essentsiya_prestige_canadian_whisky_20_ml/;/catalog/essentsii/filter/obem_flakona-is-20ml/apply/;301
/catalog/samogonovarenie/ingredienty/essentsii/essentsiya_prestige_cherry_brandy_20_ml/;/catalog/essentsii/cherry_brandy_50/;301
/catalog/samogonovarenie/ingredienty/essentsii/essentsiya_prestige_cherry_cognac_20_ml/;/catalog/essentsii/filter/obem_flakona-is-20ml/apply/;301
/catalog/samogonovarenie/ingredienty/essentsii/essentsiya_prestige_cloudberry_liqueur_20_ml/;/catalog/essentsii/filter/obem_flakona-is-20ml/apply/;301
/catalog/samogonovarenie/ingredienty/essentsii/essentsiya_prestige_cocorum_20_ml/;/catalog/essentsii/filter/obem_flakona-is-20ml/apply/;301
/catalog/samogonovarenie/ingredienty/essentsii/essentsiya_prestige_coffee_liqueur_20_ml/;/catalog/essentsii/filter/obem_flakona-is-20ml/apply/;301
/catalog/samogonovarenie/ingredienty/essentsii/essentsiya_prestige_cognac_coffee_20_ml/;/catalog/essentsii/filter/obem_flakona-is-20ml/apply/;301
/catalog/samogonovarenie/ingredienty/essentsii/essentsiya_prestige_compadre_aperitif_20_ml/;/catalog/essentsii/filter/obem_flakona-is-20ml/apply/;301
/catalog/samogonovarenie/ingredienty/essentsii/essentsiya_prestige_cranberry_vodka_20_ml/;/catalog/essentsii/filter/obem_flakona-is-20ml/apply/;301
/catalog/samogonovarenie/ingredienty/essentsii/essentsiya_prestige_creme_de_cacao_20_ml/;/catalog/essentsii/creme_de_cacao_20/;301
/catalog/samogonovarenie/ingredienty/essentsii/essentsiya_prestige_dannini_limoncello_20_ml/;/catalog/essentsii/filter/obem_flakona-is-20ml/apply/;301
/catalog/samogonovarenie/ingredienty/essentsii/essentsiya_prestige_dansk_bitter_20_ml/;/catalog/essentsii/filter/obem_flakona-is-20ml/apply/;301
/catalog/samogonovarenie/ingredienty/essentsii/essentsiya_prestige_dry_gin_essense_20_ml/;/catalog/essentsii/filter/obem_flakona-is-20ml/apply/;301
/catalog/samogonovarenie/ingredienty/essentsii/essentsiya_prestige_gin_essens_20_ml/;/catalog/essentsii/filter/obem_flakona-is-20ml/apply/;301
/catalog/samogonovarenie/ingredienty/essentsii/essentsiya_prestige_grandier_orange_liqueur_20_ml/;/catalog/essentsii/filter/obem_flakona-is-20ml/apply/;301
/catalog/samogonovarenie/ingredienty/essentsii/essentsiya_prestige_hasselnots_liqueur_20_ml/;/catalog/essentsii/filter/obem_flakona-is-20ml/apply/;301
/catalog/samogonovarenie/ingredienty/essentsii/essentsiya_prestige_irish_coffee_liqueur_20_ml/;/catalog/essentsii/filter/obem_flakona-is-20ml/apply/;301
/catalog/samogonovarenie/ingredienty/essentsii/essentsiya_prestige_irish_cream_20_ml/;/catalog/essentsii/filter/obem_flakona-is-20ml/apply/;301
/catalog/samogonovarenie/ingredienty/essentsii/essentsiya_prestige_irish_whisky_20_ml/;/catalog/essentsii/filter/obem_flakona-is-20ml/apply/;301
/catalog/samogonovarenie/ingredienty/essentsii/essentsiya_prestige_italiano_liqueur_20_ml/;/catalog/essentsii/italiano_liqueur_20/;301
/catalog/samogonovarenie/ingredienty/essentsii/essentsiya_prestige_jaktsnaps_20_ml/;/catalog/essentsii/filter/obem_flakona-is-20ml/apply/;301
/catalog/samogonovarenie/ingredienty/essentsii/essentsiya_prestige_jim_bean_20_ml/;/catalog/essentsii/jim_bean_20/;301
/catalog/samogonovarenie/ingredienty/essentsii/essentsiya_prestige_kentucky_bourbon_whiskey_20_ml/;/catalog/essentsii/filter/obem_flakona-is-20ml/apply/;301
/catalog/samogonovarenie/ingredienty/essentsii/essentsiya_prestige_lemon_gin_20_ml/;/catalog/essentsii/filter/obem_flakona-is-20ml/apply/;301
/catalog/samogonovarenie/ingredienty/essentsii/essentsiya_prestige_lemon_rum_20_ml/;/catalog/essentsii/filter/obem_flakona-is-20ml/apply/;301
/catalog/samogonovarenie/ingredienty/essentsii/essentsiya_prestige_marty_romin_cognac_20_ml/;/catalog/essentsii/filter/obem_flakona-is-20ml/apply/;301
/catalog/samogonovarenie/ingredienty/essentsii/essentsiya_prestige_mork_rom_20_ml/;/catalog/essentsii/filter/obem_flakona-is-20ml/apply/;301
/catalog/samogonovarenie/ingredienty/essentsii/essentsiya_prestige_orange_brandy_20_ml/;/catalog/essentsii/orange_brandy_20/;301
/catalog/samogonovarenie/ingredienty/essentsii/essentsiya_prestige_pear_cognac_20_ml/;/catalog/essentsii/filter/obem_flakona-is-20ml/apply/;301
/catalog/samogonovarenie/ingredienty/essentsii/essentsiya_prestige_plum_brandy_20_ml/;/catalog/essentsii/plum_brandy_20/;301
/catalog/samogonovarenie/ingredienty/essentsii/essentsiya_prestige_raspberry_rom_20_ml/;/catalog/essentsii/filter/obem_flakona-is-20ml/apply/;301
/catalog/samogonovarenie/ingredienty/essentsii/essentsiya_prestige_rye_whisky_20_ml/;/catalog/essentsii/filter/obem_flakona-is-20ml/apply/;301
/catalog/samogonovarenie/ingredienty/essentsii/essentsiya_prestige_sambuka_20_ml/;/catalog/essentsii/filter/obem_flakona-is-20ml/apply/;301
/catalog/samogonovarenie/ingredienty/essentsii/essentsiya_prestige_seagrams_whisky_20_ml/;/catalog/essentsii/filter/obem_flakona-is-20ml/apply/;301
/catalog/samogonovarenie/ingredienty/essentsii/essentsiya_prestige_skotch_whisky_20_ml/;/catalog/essentsii/filter/obem_flakona-is-20ml/apply/;301
/catalog/samogonovarenie/ingredienty/essentsii/essentsiya_prestige_skoth_whisky_blended_20_ml/;/catalog/essentsii/filter/obem_flakona-is-20ml/apply/;301
/catalog/samogonovarenie/ingredienty/essentsii/essentsiya_prestige_swedish_bitter_20_ml/;/catalog/essentsii/filter/obem_flakona-is-20ml/apply/;301
/catalog/samogonovarenie/ingredienty/essentsii/essentsiya_prestige_talisker_whiskey_20_ml/;/catalog/essentsii/talisker_whiskey_20/;301
/catalog/samogonovarenie/ingredienty/essentsii/essentsiya_prestige_tennesee_whiskey_20_ml/;/catalog/essentsii/filter/obem_flakona-is-20ml/apply/;301
/catalog/samogonovarenie/ingredienty/essentsii/essentsiya_prestige_tequila_mexico_20_ml/;/catalog/essentsii/filter/obem_flakona-is-20ml/apply/;301
/catalog/samogonovarenie/ingredienty/essentsii/essentsiya_prestige_triple_sec_20_ml/;/catalog/essentsii/filter/obem_flakona-is-20ml/apply/;301
/catalog/samogonovarenie/ingredienty/essentsii/essentsiya_prestige_vanili_vodka_20_ml/;/catalog/essentsii/filter/obem_flakona-is-20ml/apply/;301
/catalog/samogonovarenie/ingredienty/essentsii/essentsiya_prestige_vit_baccara_rom_20_ml/;/catalog/essentsii/filter/obem_flakona-is-20ml/apply/;301
/catalog/samogonovarenie/ingredienty/essentsii/essentsiya_prestige_vsdp_mild_cognac_20_ml/;/catalog/essentsii/filter/obem_flakona-is-20ml/apply/;301
/catalog/samogonovarenie/ingredienty/essentsii/essentsiya_prestige_whisky_liqueur_20_ml/;/catalog/essentsii/filter/obem_flakona-is-20ml/apply/;301
/catalog/samogonovarenie/ingredienty/essentsii/essentsiya_prestige_xo_brendy_20_ml/;/catalog/essentsii/;301
/catalog/samogonovarenie/ingredienty/kontsentraty/;/catalog/kontsentraty/;301
/catalog/samogonovarenie/ingredienty/kontsentraty/kontsentrat_solodovyy_american_whiskey/;/catalog/kontsentraty/filter/vid_konc-is-solodovii/apply/;301
/catalog/samogonovarenie/ingredienty/kontsentraty/kontsentrat_solodovyy_irish_whiskey/;/catalog/kontsentraty/filter/vid_konc-is-solodovii/apply/;301
/catalog/samogonovarenie/ingredienty/kontsentraty/kontsentrat_solodovyy_polugar/;/catalog/kontsentraty/filter/vid_konc-is-solodovii/apply/;301
/catalog/samogonovarenie/ingredienty/kontsentraty/kontsentrat_solodovyy_ryeburbon/;/catalog/kontsentraty/filter/vid_konc-is-solodovii/apply/;301
/catalog/samogonovarenie/ingredienty/kontsentraty/kontsentrat_solodovyy_scotch_whisky/;/catalog/kontsentraty/filter/vid_konc-is-solodovii/apply/;301
/catalog/samogonovarenie/ingredienty/kontsentraty/kontsentrirovannaya_trostnikovaya_melassa/;/catalog/kontsentraty/filter/vid_konc-is-solodovii/apply/;301
/catalog/samogonovarenie/ingredienty/kontsentraty/sok_kontsentrirovannyy_grushevyy_5_kg/;/catalog/kontsentraty/filter/vid_konc-is-sok/apply/;301
/catalog/samogonovarenie/ingredienty/kontsentraty/sok_kontsentrirovannyy_vinograd_belyy_5_kg/;/catalog/kontsentraty/filter/vid_konc-is-sok/apply/;301
/catalog/samogonovarenie/ingredienty/kontsentraty/sok_kontsentrirovannyy_vinograd_krasnyy_5_kg/;/catalog/kontsentraty/filter/vid_konc-is-sok/apply/;301
/catalog/samogonovarenie/ingredienty/kontsentraty/sok_kontsentrirovannyy_yabloko_5_kg/;/catalog/kontsentraty/filter/vid_konc-is-sok/apply/;301
/catalog/samogonovarenie/ingredienty/nabory_dlya_nastoek/;/catalog/nabory_dlya_nastoek/;301
/catalog/samogonovarenie/ingredienty/nabory_dlya_nastoek/NDJ1/;/catalog/nabory_dlya_nastoek/;301
/catalog/samogonovarenie/ingredienty/nabory_dlya_nastoek/NDJ2/;/catalog/nabory_dlya_nastoek/;301
/catalog/samogonovarenie/ingredienty/nabory_dlya_nastoek/NDJ3/;/catalog/nabory_dlya_nastoek/;301
/catalog/samogonovarenie/ingredienty/nabory_dlya_nastoek/NGUS1/;/catalog/nabory_dlya_nastoek/;301
/catalog/samogonovarenie/ingredienty/nabory_dlya_nastoek/NGUS2/;/catalog/nabory_dlya_nastoek/;301
/catalog/samogonovarenie/ingredienty/nabory_dlya_nastoek/NGUS3/;/catalog/nabory_dlya_nastoek/;301
/catalog/samogonovarenie/ingredienty/nabory_dlya_nastoek/NNH1/;/catalog/nabory_dlya_nastoek/;301
/catalog/samogonovarenie/ingredienty/nabory_dlya_nastoek/NNH2/;/catalog/nabory_dlya_nastoek/;301
/catalog/samogonovarenie/ingredienty/nabory_dlya_nastoek/NNH3/;/catalog/nabory_dlya_nastoek/;301
/catalog/samogonovarenie/ingredienty/nabory-dlya-nastaivaniya/;/catalog/nastoiki/;301
/catalog/samogonovarenie/ingredienty/nabory-dlya-nastaivaniya/abrikosovyy_spotykach/;https://dev.dobriy-jar.ru/catalog/nastoiki/abrikosovyy_spotykach/;301
/catalog/samogonovarenie/ingredienty/nabory-dlya-nastaivaniya/absent_60/;https://dev.dobriy-jar.ru/catalog/nastoiki/absent/;301
/catalog/samogonovarenie/ingredienty/nabory-dlya-nastaivaniya/akvavita_35/;https://dev.dobriy-jar.ru/catalog/nastoiki/akvavita/;301
/catalog/samogonovarenie/ingredienty/nabory-dlya-nastaivaniya/altayskaya_kedrovaya/;https://dev.dobriy-jar.ru/catalog/nastoiki/altayskaya_kedrovaya/;301
/catalog/samogonovarenie/ingredienty/nabory-dlya-nastaivaniya/anisovaya/;https://dev.dobriy-jar.ru/catalog/nastoiki/anisovaya/;301
/catalog/samogonovarenie/ingredienty/nabory-dlya-nastaivaniya/apelsinovyy_brendi/;https://dev.dobriy-jar.ru/catalog/nastoiki/apelsinovyy_brendi/;301
/catalog/samogonovarenie/ingredienty/nabory-dlya-nastaivaniya/bekherovka/;https://dev.dobriy-jar.ru/catalog/nastoiki/bekherovka/;301
/catalog/samogonovarenie/ingredienty/nabory-dlya-nastaivaniya/borodinskaya/;https://dev.dobriy-jar.ru/catalog/nastoiki/borodinskaya/;301
/catalog/samogonovarenie/ingredienty/nabory-dlya-nastaivaniya/brendi_grushevo_yablochnyy_40/;https://dev.dobriy-jar.ru/catalog/nastoiki/brendi_grushevo_yablochnyy/;301
/catalog/samogonovarenie/ingredienty/nabory-dlya-nastaivaniya/domashniy_brendi_37/;/catalog/nastoiki/;301
/catalog/samogonovarenie/ingredienty/nabory-dlya-nastaivaniya/dubovye_kubiki_silnoy_obzharki_gusto/;/catalog/palochki_i_kubiki/;301
/catalog/samogonovarenie/ingredienty/nabory-dlya-nastaivaniya/dvoryanskaya_14_gr/;/catalog/nastoiki/;301
/catalog/samogonovarenie/ingredienty/nabory-dlya-nastaivaniya/dzhin_41/;/catalog/nastoiki/;301
/catalog/samogonovarenie/ingredienty/nabory-dlya-nastaivaniya/dzhin_baltiyskiy_53_gr/;/catalog/nastoiki/;301
/catalog/samogonovarenie/ingredienty/nabory-dlya-nastaivaniya/erofeich_32/;/catalog/nastoiki/;301
/catalog/samogonovarenie/ingredienty/nabory-dlya-nastaivaniya/glintveyn_15/;/catalog/nastoiki/;301
/catalog/samogonovarenie/ingredienty/nabory-dlya-nastaivaniya/gusto_abrikosovyy_brendi_39_gr_/;/catalog/nastoiki/;301
/catalog/samogonovarenie/ingredienty/nabory-dlya-nastaivaniya/gusto_abrikotin_12_gr_/;https://dev.dobriy-jar.ru/catalog/nastoiki/abrikotin/;301
/catalog/samogonovarenie/ingredienty/nabory-dlya-nastaivaniya/gusto_chiliyskiy_viski_15_gr_/;/catalog/nastoiki/;301
/catalog/samogonovarenie/ingredienty/nabory-dlya-nastaivaniya/gusto_lesnaya_27_gr_/;/catalog/nastoiki/;301
/catalog/samogonovarenie/ingredienty/nabory-dlya-nastaivaniya/gusto_limonnyy_brendi_35_gr_/;/catalog/nastoiki/;301
/catalog/samogonovarenie/ingredienty/nabory-dlya-nastaivaniya/gusto_mindalnyy_brendi_21_gr_/;/catalog/nastoiki/;301
/catalog/samogonovarenie/ingredienty/nabory-dlya-nastaivaniya/gusto_nastoyka_graf_razumovskiy_25_gr/;/catalog/nastoiki/;301
/catalog/samogonovarenie/ingredienty/nabory-dlya-nastaivaniya/gusto_nastoyka_na_chernoy_ryabine_35_gr_/;/catalog/nastoiki/;301
/catalog/samogonovarenie/ingredienty/nabory-dlya-nastaivaniya/gusto_nevezhinskaya_20_gr_/;/catalog/nastoiki/;301
/catalog/samogonovarenie/ingredienty/nabory-dlya-nastaivaniya/gusto_pyanaya_vishnya_39_gr_/;/catalog/nastoiki/;301
/catalog/samogonovarenie/ingredienty/nabory-dlya-nastaivaniya/gusto_serbskaya_rakiya_39_gr_/;/catalog/nastoiki/;301
/catalog/samogonovarenie/ingredienty/nabory-dlya-nastaivaniya/gusto_vishnevyy_spotykach_30_gr_/;/catalog/nastoiki/;301
/catalog/samogonovarenie/ingredienty/nabory-dlya-nastaivaniya/imbirno_limonnaya/;/catalog/nastoiki/;301
/catalog/samogonovarenie/ingredienty/nabory-dlya-nastaivaniya/khrenovukha_14_gr/;/catalog/nastoiki/;301
/catalog/samogonovarenie/ingredienty/nabory-dlya-nastaivaniya/khrenovukha/;/catalog/nastoiki/;301
/catalog/samogonovarenie/ingredienty/nabory-dlya-nastaivaniya/konyak_po_latgalski/;/catalog/nastoiki/;301
/catalog/samogonovarenie/ingredienty/nabory-dlya-nastaivaniya/kopchenyy_viski_44/;/catalog/nastoiki/;301
/catalog/samogonovarenie/ingredienty/nabory-dlya-nastaivaniya/korichnivyy_viski_14_gr/;/catalog/nastoiki/;301
/catalog/samogonovarenie/ingredienty/nabory-dlya-nastaivaniya/lavandovaya_laguna_49/;/catalog/nastoiki/lavandovaya_laguna/;301
/catalog/samogonovarenie/ingredienty/nabory-dlya-nastaivaniya/lipovaya_s_imbirem/;/catalog/nastoiki/;301
/catalog/samogonovarenie/ingredienty/nabory-dlya-nastaivaniya/mozhzhevelovaya_34_gr/;/catalog/nastoiki/;301
/catalog/samogonovarenie/ingredienty/nabory-dlya-nastaivaniya/mozhzhevelovaya/;/catalog/nastoiki/;301
/catalog/samogonovarenie/ingredienty/nabory-dlya-nastaivaniya/oblepikhovyy_likyer_62/;/catalog/nastoiki/;301
/catalog/samogonovarenie/ingredienty/nabory-dlya-nastaivaniya/okhotnichya/;/catalog/nastoiki/;301
/catalog/samogonovarenie/ingredienty/nabory-dlya-nastaivaniya/orekhovyy_brendi_38/;/catalog/nastoiki/;301
/catalog/samogonovarenie/ingredienty/nabory-dlya-nastaivaniya/osennyaya_21_gr/;/catalog/nastoiki/;301
/catalog/samogonovarenie/ingredienty/nabory-dlya-nastaivaniya/pertsovaya_6_gr/;/catalog/nastoiki/;301
/catalog/samogonovarenie/ingredienty/nabory-dlya-nastaivaniya/pertsovaya/;/catalog/nastoiki/;301
/catalog/samogonovarenie/ingredienty/nabory-dlya-nastaivaniya/pryanyy_viski/;/catalog/nastoiki/;301
/catalog/samogonovarenie/ingredienty/nabory-dlya-nastaivaniya/rozhdestvenskaya_istoriya_39/;/catalog/nastoiki/;301
/catalog/samogonovarenie/ingredienty/nabory-dlya-nastaivaniya/ryabina_na_konyake/;/catalog/nastoiki/;301
/catalog/samogonovarenie/ingredienty/nabory-dlya-nastaivaniya/sibirskaya_taezhnaya_23_gr/;/catalog/nastoiki/taezhnaya_nastoyka/;301
/catalog/samogonovarenie/ingredienty/nabory-dlya-nastaivaniya/slivovyy_konyak_41/;/catalog/nastoiki/;301
/catalog/samogonovarenie/ingredienty/nabory-dlya-nastaivaniya/starka/;/catalog/nastoiki/;301
/catalog/samogonovarenie/ingredienty/nabory-dlya-nastaivaniya/stepnaya_21_gr/;/catalog/nastoiki/;301
/catalog/samogonovarenie/ingredienty/nabory-dlya-nastaivaniya/tsarskiy_favorit_67/;/catalog/nastoiki/tsarskiy_favorit/;301
/catalog/samogonovarenie/ingredienty/nabory-dlya-nastaivaniya/vitaminnaya/;/catalog/nastoiki/;301
/catalog/samogonovarenie/ingredienty/nabory-dlya-nastaivaniya/zubrovka_15/;/catalog/nastoiki/;301
/catalog/samogonovarenie/ingredienty/palochki_i_kubiki_dlya_nastaivaniya/;/catalog/palochki_i_kubiki/;301
/catalog/samogonovarenie/ingredienty/palochki_i_kubiki_dlya_nastaivaniya/kubiki_silnoy_obzharki_gusto/;https://dev.dobriy-jar.ru/catalog/palochki_i_kubiki/SSDKSI100/;301
/catalog/samogonovarenie/ingredienty/palochki_i_kubiki_dlya_nastaivaniya/kubiki_sredney_obzharki_gusto/;https://dev.dobriy-jar.ru/catalog/palochki_i_kubiki/SSDKSR100/;301
/catalog/samogonovarenie/ingredienty/palochki_i_kubiki_dlya_nastaivaniya/palochki_silnoy_obzharki_gusto/;https://dev.dobriy-jar.ru/catalog/palochki_i_kubiki/SSDPSIO100/;301
/catalog/samogonovarenie/ingredienty/palochki_i_kubiki_dlya_nastaivaniya/palochki_sredney_obzharki_gusto/;https://dev.dobriy-jar.ru/catalog/palochki_i_kubiki/SSDPSO100/;301
/catalog/samogonovarenie/ingredienty/shchepa_dlya_nastaivaniya/;/catalog/palochki_i_kubiki/;301
/catalog/samogonovarenie/ingredienty/shchepa_dlya_nastaivaniya/campbeltown/;https://dev.dobriy-jar.ru/catalog/palochki_i_kubiki/GCHDNSC/;301
/catalog/samogonovarenie/ingredienty/shchepa_dlya_nastaivaniya/dubovye_chipsy_silnoy_obzharki_gusto/;https://dev.dobriy-jar.ru/catalog/palochki_i_kubiki/SSDCHSO70/;301
/catalog/samogonovarenie/ingredienty/shchepa_dlya_nastaivaniya/dubovye_chipsy_sredney_obzharki_gusto/;https://dev.dobriy-jar.ru/catalog/palochki_i_kubiki/SSDCHSR70/;301
/catalog/samogonovarenie/ingredienty/shchepa_dlya_nastaivaniya/highlands/;https://dev.dobriy-jar.ru/catalog/palochki_i_kubiki/GCHDNSH/;301
/catalog/samogonovarenie/ingredienty/shchepa_dlya_nastaivaniya/lowlands/;https://dev.dobriy-jar.ru/catalog/palochki_i_kubiki/GCHDNSL/;301
/catalog/samogonovarenie/ingredienty/shchepa_dlya_nastaivaniya/shchepa_kheres_10/;/catalog/palochki_i_kubiki/;301
/catalog/samogonovarenie/ingredienty/shchepa_dlya_nastaivaniya/shchepa_kheres_20_gr/;/catalog/palochki_i_kubiki/;301
/catalog/samogonovarenie/ingredienty/shchepa_dlya_nastaivaniya/shchepa_kheres_20/;/catalog/palochki_i_kubiki/;301
/catalog/samogonovarenie/ingredienty/viskarnye-nabory/;/catalog/kontsentraty/filter/vid_konc-is-solodovii/apply/;301
/catalog/samogonovarenie/ingredienty/viskarnye-nabory/zernovoy_nabor_amerikanskiy_viski_burbon/;/catalog/kontsentraty/filter/vid_konc-is-solodovii/apply/;301
/catalog/samogonovarenie/ingredienty/viskarnye-nabory/zernovoy_nabor_polugar/;/catalog/kontsentraty/filter/vid_konc-is-solodovii/apply/;301
/catalog/samogonovarenie/ingredienty/viskarnye-nabory/zernovoy_nabor_viski_odnosolodovyy/;/catalog/kontsentraty/filter/vid_konc-is-solodovii/apply/;301
/catalog/samogonovarenie/ingredienty/viskarnye-nabory/zernovoy_nabor_viski_shotlandskiy/;/catalog/kontsentraty/filter/vid_konc-is-solodovii/apply/;301
/catalog/samogonovarenie/ingredienty/viskarnye-nabory/zernovoy_nabor_viski/;/catalog/kontsentraty/filter/vid_konc-is-solodovii/apply/;301
/catalog/samogonovarenie/popugai/;/catalog/popugai/;301
/catalog/samogonovarenie/prigotovlenie-napitka/drozhzhi/;/catalog/spirtovye_drozhzhi/;301
/catalog/samogonovarenie/prigotovlenie-napitka/drozhzhi/spirtovye_turbo_drozhzhi_yes_youcan_c_24_180_g_/;/catalog/spirtovye_drozhzhi/yes_C24/;301
/catalog/samogonovarenie/rozliv-i-khranenie/;/catalog/rozliv_i_khranenie/;301
/catalog/samogonovarenie/rozliv-i-khranenie/banki/;/catalog/steklyannye_banki/;301
/catalog/samogonovarenie/rozliv-i-khranenie/banki/banka_s_ruchkoy/;/catalog/steklyannye_banki/filter/tip_banki-is-dlya_sipuchikh/apply/;301
/catalog/samogonovarenie/rozliv-i-khranenie/limonadnitsy/;/catalog/limonadnitsy/;301
/catalog/samogonovarenie/rozliv-i-khranenie/limonadnitsy/banka_stakan_0_450_l/;/catalog/limonadnitsy/;301
/catalog/samogonovarenie/rozliv-i-khranenie/limonadnitsy/limonadnitsa_handycor_8_litrov/;/catalog/limonadnitsy/;301
/catalog/samogonovarenie/rozliv-i-khranenie/limonadnitsy/limonadnitsa_handycor_pink_4_litra/;/catalog/limonadnitsy/;301
/catalog/samogonovarenie/samogonnye_apparaty/;/catalog/samogonnye_apparaty/;301
/catalog/samogonovarenie/samogonnye_apparaty/;/catalog/samogonnye_apparaty/;301
/catalog/samogonovarenie/samogonnye_apparaty/1_5_dyuyma/;/catalog/samogonnye_apparaty/filter/dt_clamp-is-1.5_duima/apply/;301
/catalog/samogonovarenie/samogonnye_apparaty/12_litrov/;/catalog/samogonnye_apparaty/filter/cube_volume-is-12/apply/;301
/catalog/samogonovarenie/samogonnye_apparaty/2_dyuyma/;/catalog/samogonnye_apparaty/filter/dt_clamp-is-2_duima/apply/;301
/catalog/samogonovarenie/samogonnye_apparaty/20_litrov/;/catalog/samogonnye_apparaty/filter/cube_volume-is-20/apply/;301
/catalog/samogonovarenie/samogonnye_apparaty/30_litrov/;/catalog/samogonnye_apparaty/filter/cube_volume-is-30/apply/;301
/catalog/samogonovarenie/samogonnye_apparaty/40_litrov/;/catalog/samogonnye_apparaty/filter/cube_volume-is-40/apply/;301
/catalog/samogonovarenie/samogonnye_apparaty/50_litrov/;/catalog/samogonnye_apparaty/filter/cube_volume-is-50/apply/;301
/catalog/samogonovarenie/samogonnye_apparaty/dvoynoy_peregonki/;/catalog/samogonnye_apparaty/filter/dt_type-is-dvoinoi_peregon/apply/;301
/catalog/samogonovarenie/samogonnye_apparaty/feniks_mechta_new/;/catalog/samogonnye_apparaty/mechta_new/;301
/catalog/samogonovarenie/samogonnye_apparaty/filter/brand-is-dobryy_zhar/apply/;/catalog/samogonnye_apparaty/filter/brand-is-dobriy-jar/apply/;301
/catalog/samogonovarenie/samogonnye_apparaty/mednye_samogonnye_apparaty/;/catalog/samogonnye_apparaty/filter/material-is-copper/apply/;301
/catalog/samogonovarenie/samogonnye_apparaty/nedorogie_samogonnye_apparaty/;/catalog/samogonnye_apparaty/filter/price-retail_price-to-10000/apply/;301
/catalog/samogonovarenie/samogonnye_apparaty/neprotochnye/;/catalog/samogonnye_apparaty/filter/okhlajdenie-is-neprotochnoe/apply/;301
/catalog/samogonovarenie/samogonnye_apparaty/protochnye/;/catalog/samogonnye_apparaty/filter/okhlajdenie-is-protochnoe/apply/;301
/catalog/samogonovarenie/samogonnye_apparaty/s_deflegmatorom/;/catalog/samogonnye_apparaty/filter/dt_type-is-s_deflegmatorom/apply/;301
/catalog/samogonovarenie/samogonnye_apparaty/s_kolonnoy/;/catalog/samogonnye_apparaty/filter/vid-is-kolonna/apply/;301
/catalog/samogonovarenie/samogonnye_apparaty/s_sukhoparnikom/;/catalog/samogonnye_apparaty/filter/dt_type-is-s_sukhoparnikom/apply/;301
/catalog/samogonovarenie/samogonnye_apparaty/s_tenom/;/catalog/samogonnye_apparaty/filter/heat_type-is-s_tenom/apply/;301
/catalog/samogonovarenie/uzly_otbora/;/catalog/uzly_otbora/;301
/catalog/shlangi_i_perekhodniki/SHTP1012/;/catalog/shlangi_i_perekhodniki/;301
/catalog/shtofy_i_grafiny/;/catalog/butylki_i_grafiny/;301
/catalog/tsargi/DKSPM1/;/catalog/tsargi/;301
/catalog/ugol/SSUB1/;/;301
/catalog/vinodelie/drozhzhi_vinnye/;/catalog/spirtovye_drozhzhi/;301
/catalog/vinodelie/drozhzhi_vinnye/drozhzhi_vinnye_100_g/;/catalog/spirtovye_drozhzhi/;301
/catalog/vinodelie/drozhzhi_vinnye/drozhzhi_vinnye_250_g/;/catalog/spirtovye_drozhzhi/;301
/catalog/vinodelie/emkosti_dlya_brozheniya_vina/;/catalog/emkosti_dlya_vina/;301
/catalog/vinodelie/emkosti_dlya_brozheniya_vina/banka_s_fioletovoy_kryshkoy_ruchkoy_i_kranom/;/catalog/emkosti_dlya_vina/;301
/catalog/vinodelie/emkosti_dlya_brozheniya_vina/banka_s_fioletovoy_kryshkoy_s_gidrozatvorom_/;/catalog/emkosti_dlya_vina/;301
/catalog/vinodelie/izmelchiteli/;/catalog/izmelchiteli/;301
/catalog/vinodelie/izmelchiteli/izmelchitel_elektricheskiy/;/catalog/izmelchiteli/IZDUELN/;301
/catalog/vinodelie/izmelchiteli/izmelchitel_fruktov_i_ovoshchey/;/catalog/izmelchiteli/;301
/catalog/vinodelie/izmelchiteli/ruchnoy_izmelchitel_dlya_yagod_i_fruktov/;/catalog/izmelchiteli/;301
/catalog/vinodelie/pressy_dlya_fruktov/;/catalog/pressy_i_sokovyzhimalki/;301
/catalog/vinodelie/pressy_dlya_fruktov/gidropress_20_litrov/;/catalog/pressy_i_sokovyzhimalki/GP20BW20L/;301
/catalog/vinodelie/pressy_dlya_fruktov/gidropress_40_litrov/;/catalog/pressy_i_sokovyzhimalki/GP40BW40L/;301
/catalog/vinodelie/pressy_dlya_fruktov/mekhanicheskaya_sokovyzhimalka_orange/;/catalog/pressy_i_sokovyzhimalki/;301
/catalog/vinodelie/pressy_dlya_fruktov/press_derevyannyy_s_domkratom_12_litrov/;/catalog/pressy_i_sokovyzhimalki/PRDDFD12L/;301
/catalog/vinodelie/pressy_dlya_fruktov/press_derevyannyy_s_domkratom_18_litrov/;/catalog/pressy_i_sokovyzhimalki/PRDDFD18L/;301
/catalog/vinodelie/pressy_dlya_fruktov/press_derevyannyy_s_domkratom_30_litrov/;/catalog/pressy_i_sokovyzhimalki/PRDDFD30L/;301
/catalog/vinodelie/rozliv_i_ukuporka/;/catalog/rozliv_i_ukuporka/;301
/catalog/vinodelie/rozliv_i_ukuporka/aeratory/;/catalog/rozliv_i_ukuporka/;301
/catalog/vinodelie/rozliv_i_ukuporka/aeratory/aerator_dlya_vina_na_podstavke/;/catalog/aeratory/AENP013/;301
/catalog/vinodelie/rozliv_i_ukuporka/aeratory/aerator_nasadka/;/catalog/aeratory/AEN014/;301
/catalog/vinodelie/rozliv_i_ukuporka/dekantery/;/catalog/rozliv_i_ukuporka/;301
/catalog/vinodelie/rozliv_i_ukuporka/dekantery/dekanter_dlya_vina/;/catalog/rozliv_i_ukuporka/;301
/catalog/vinodelie/rozliv_i_ukuporka/nabory_dlya_otkuporivaniya_vina/;/catalog/rozliv_i_ukuporka/;301
/catalog/vinodelie/rozliv_i_ukuporka/nabory_dlya_otkuporivaniya_vina/nabor_dlya_vina_s_kapleulovitelem/;/catalog/rozliv_i_ukuporka/;301
/catalog/vinodelie/rozliv_i_ukuporka/nabory_dlya_otkuporivaniya_vina/nabor_dlya_vina_v_podarochnom_futlyare/;/catalog/rozliv_i_ukuporka/;301
/catalog/vinodelie/rozliv_i_ukuporka/nabory_dlya_otkuporivaniya_vina/nozh_somele/;/catalog/rozliv_i_ukuporka/;301
/catalog/vinodelie/rozliv_i_ukuporka/nabory_dlya_otkuporivaniya_vina/podarochnyy_nabor_dlya_vina_/;/catalog/rozliv_i_ukuporka/;301
/catalog/vinodelie/rozliv_i_ukuporka/nabory_dlya_otkuporivaniya_vina/shtopor_dlya_vina_elektricheskiy/;/catalog/rozliv_i_ukuporka/;301
/catalog/vinodelie/rozliv_i_ukuporka/nabory_dlya_otkuporivaniya_vina/shtopor_dlya_vina_na_batareykakh/;/catalog/rozliv_i_ukuporka/;301
/catalog/vinodelie/rozliv_i_ukuporka/nabory_dlya_otkuporivaniya_vina/shtopor_dlya_vina/;/catalog/rozliv_i_ukuporka/;301
/catalog/vinodelie/rozliv_i_ukuporka/probki_dlya_vina_i_shampanskogo/;/catalog/rozliv_i_ukuporka/;301
/catalog/vinodelie/rozliv_i_ukuporka/probki_dlya_vina_i_shampanskogo/probka_dlya_vina/;/catalog/rozliv_i_ukuporka/;301
/catalog/vinodelie/rozliv_i_ukuporka/probki_dlya_vina_i_shampanskogo/vakuumnaya_probka_dlya_vina/;/catalog/rozliv_i_ukuporka/;301
/catalog/vinodelie/rozliv_i_ukuporka/probki_dlya_vina_i_shampanskogo/vakuumnyy_nasos_dlya_vina/;/catalog/rozliv_i_ukuporka/;301
/catalog/vinodelie/rozliv_i_ukuporka/ukuporka_dlya_vina/;/catalog/rozliv_i_ukuporka/;301
/catalog/vinodelie/yagodnye_nabory_dlya_vina/;/catalog/vinodelie/;301
/catalog/vinodelie/yagodnye_nabory_dlya_vina/vinnyy_nabor_dikaya_yagoda/;/catalog/vinodelie/;301
/catalog/vinodelie/yagodnye_nabory_dlya_vina/vinnyy_nabor_fruktovyy_vostorg/;/catalog/vinodelie/;301
/catalog/vinodelie/yagodnye_nabory_dlya_vina/vinnyy_nabor_solnechnaya_oblepikha/;/catalog/vinodelie/;301
/catalog/voronki/SVN11/;/catalog/voronki/;301
/catalog/voronki/SVOR60/;/catalog/voronki/;301
/company/;/about/;301
/company/licenses/;/about/;301
/company/staff/;/about/;301
/gusto/;/brands/gusto/;301
/kulinariya/shchepa-dlya-kopcheniya/;/catalog/shchepa_dlya_kopcheniya/;301
/podderzhka-klientov.php;/payment/;301
/podderzhka-klientov.php/;/delivery/;301
/samogonovarenie/ingredienty/aromatizatory/brusnika-na-konyake-etol/;/catalog/aromatizatory/;301
/samogonovarenie/ingredienty/essentsii/cloudberry-liqueur/;/catalog/essentsii/;301
/catalog/peregonnye_kuby/DDK252/;/catalog/peregonnye_kuby/ddk_2/;301
/catalog/butylki_i_grafiny/BSD5L/;/catalog/butylki_i_grafiny/;301
/catalog/samogonovarenie/ingredienty/nabory-dlya-nastaivaniya/pryano_aromaticheskaya_smes_chernaya_ryabina_konyak/;/catalog/nastoiki/ryabina_na_konyake/;301
/catalog/samogonovarenie/komplektuyushchie/bystrosemy/prokladka_pod_klamp_2/;/catalog/prokladki/;301
/catalog/kitchen/mangal/mangal_razbornyy_s_sumkoy_580_280_150/;/catalog/kulinariya/;301
/catalog/samogonovarenie/komplektuyushchie/ugly-otvoda/ugol_otvoda_1_5_90_gradusov_truba_38_mm_/;/catalog/ugly_otvoda/;301
/catalog/samogonovarenie/komplektuyushchie/teny/;/catalog/teny/;301
/catalog/peregonnye_kuby/FPK20/;/catalog/peregonnye_kuby/fpk/;301
/catalog/kitchen/kolbasnye_shpritsy/;/catalog/kulinariya/;301
/catalog/samogonovarenie/rozliv-i-khranenie/shtofy-i-grafiny/shtof_legion_0_7_l/;/catalog/butylki_i_grafiny/;301
/catalog/samogonovarenie/emkosti/kub_feniks_30/;/catalog/peregonnye_kuby/fpk/;301
/catalog/samogonovarenie/drozhzhi/drozhzhi_yes/spirtovye_turbo_drozhzhi_yes_youcan_c_24_180_g_/;/catalog/spirtovye_drozhzhi/filter/brand-is-yes/apply/;301
/catalog/samogonovarenie/komplektuyushchie/ugly-otvoda/otvod_s_uzlom_otbora_pod_lyuks/;/catalog/uzly_otbora/;301
/catalog/samogonovarenie/izmeritelnoe_oborudovanie/termometry/termometr_elektronnyy_belyy/;/catalog/termometry/SITEB14/;301
/catalog/samogonovarenie/komplektuyushchie/ugolnye_kolonny/kolonna_ugolnaya_2/;/catalog/ugolnye_kolonny/SSUK2/;301
/catalog/samogonovarenie/izmeritelnoe_oborudovanie/spirtomery/refraktometr_40_briks/;/catalog/spirtomery/ssr40/;301
/catalog/kitchen/spetsii_i_pripravy/molochnye/;/catalog/spetsii_i_pripravy/pdsm32g/;301
/catalog/samogonovarenie/izmeritelnoe_oborudovanie/voronki/voronka-p-p-d/;/catalog/voronki/;301
/catalog/samogonovarenie/soputstvuyushchie_tovary/ugol-dlya-ochistki-samogona/ugol_berezovyy_10_kg/;/catalog/ugol/SSUB10/;301
/catalog/kitchen/nitritnaya_sol/nitritnaya_sol_100/;/catalog/nitritnaya_sol/SOLN100/;301
/catalog/samogonovarenie/samogonnye_apparaty/dobryy_zhar/lyuks/;/catalog/samogonnye_apparaty/lyuks/;301
/catalog/samogonovarenie/rozliv-i-khranenie/shtofy-i-grafiny/butylka_nostalgiya_3_l/;/catalog/butylki_i_grafiny/BNPR3L/;301
/catalog/samogonovarenie/rozliv-i-khranenie/shtofy-i-grafiny/kolpachki_s_perforatsiey_zolotye_31_mm_100_sht/;/catalog/butylki_i_grafiny/;301
/catalog/kitchen/spetsii_i_pripravy/dlya_buzheniny/;/catalog/spetsii_i_pripravy/PDKB80G/;301
/catalog/kitchen/spetsii_i_pripravy/dlya_gril_kolbasok_s_ukropom/;/catalog/spetsii_i_pripravy/SMPOSK50/;301
/catalog/kitchen/dymogeneratory-kholodnogo-kopcheniya/dymogenerator_s_filtrom_89/;/catalog/dymogeneratory/;301
/catalog/samogonovarenie/komplektuyushchie/kholodilniki_dlya_samogonnykh_apparatov/dookhladitel_mayak/;/catalog/kholodilniki/ssdtm280/;301
/catalog/kitchen/soputstvuyushchie_tovary_kopchenie/shchepa_grusha/;/catalog/shchepa_dlya_kopcheniya/;301
/catalog/kitchen/koptilni-goryachego-kopcheniya/koptilnya_sfera/;/catalog/koptilni/;301
/catalog/samogonovarenie/ingredienty/essentsii/essentsiya_elix_limoncello/;/catalog/essentsii/dannini_limoncello_20/;301
/catalog/samogonovarenie/ingredienty/essentsii/essentsiya_prestige_exclusive_whisky_20_ml/;/catalog/essentsii/filter/vkus-is-wiskey/apply/;301
/catalog/samogonovarenie/ingredienty/essentsii/essentsiya_prestige_metaxa_20_ml/;/catalog/essentsii/metaxa_50/;301
/catalog/samogonovarenie/drozhzhi/drozhzhi_spirtovye_250_g/;/catalog/spirtovye_drozhzhi/;301
/catalog/samogonovarenie/rozliv-i-khranenie/shtofy-i-grafiny/butylka_traditsiya_1_5_l/;/catalog/butylki_i_grafiny/BSTR15/;301
/catalog/avtoklavy/dpa21t/;/catalog/avtoklavy/dpa/;301
/catalog/avtoklavy/dpa21/;/catalog/avtoklavy/dpa/;301
/catalog/kitchen/koptilni-goryachego-kopcheniya/vertikalnaya_koptilnya/;/catalog/koptilni/dpkc/;301
/catalog/kitchen/spetsii_i_pripravy/govyazhi/;/catalog/spetsii_i_pripravy/PRDSG32G/;301
/catalog/samogonovarenie/komplektuyushchie/popugai/ustroystvo_dlya_kontrolya_kreposti_popugay_na_banku_pogruzhnoy/;/catalog/popugai/;301
/catalog/peregonnye_kuby/FPK30/;/catalog/peregonnye_kuby/fpk/;301
/catalog/kitchen/soputstvuyushchie_tovary_kopchenie/shchepa_yabloko/;/catalog/shchepa_dlya_kopcheniya/yabloko/;301
/catalog/samogonovarenie/ingredienty/essentsii/essentsiya_prestige_cinnamon_liqueur_clear_20_ml/;/catalog/essentsii/cinnamon_liqueur_clear_20/;301
/catalog/samogonovarenie/ingredienty/aromatizatory/aromatizator_pishchevoy_vodka_khlebnaya_etol/;/catalog/aromatizatory/;301
/catalog/peregonnye_kuby/ddk25/;/catalog/peregonnye_kuby/ddk/;301
/catalog/kadki_lipovye/;/catalog/bochki_iz_amerikanskogo_duba/;301
/catalog/kitchen/spetsii_i_pripravy/dlya_zasola_vetchiny/;/catalog/spetsii_i_pripravy/PRDV56G/;301
/catalog/kadki_dubovye/kadka_20L/;/catalog/bochki_iz_amerikanskogo_duba/;301
/catalog/kadki_dubovye/kadka_5L/;/catalog/bochki_iz_amerikanskogo_duba/;301
/catalog/bochki_iz_kavkazskogo_duba/maykop_20L/;/catalog/bochki_iz_amerikanskogo_duba/;301
/catalog/kitchen/dlya_kolbas_i_sosisok/nitritnaya_sol/nitritnaya_sol_100/;/catalog/nitritnaya_sol/SOLN100/;301
/catalog/peregonnye_kuby/ddk252t/;/catalog/peregonnye_kuby/ddk/;301
/catalog/peregonnye_kuby/ddk502t2/;/catalog/peregonnye_kuby/ddk/;301
/faq/kalkulyatory/kalkulyator_soderzhaniya_alkogolya_v_pive/;/;301
/catalog/avtoklavy/DPA21T/;/catalog/avtoklavy/dpa/;301
/catalog/peregonnye_kuby/DDK122/;/catalog/peregonnye_kuby/ddk/;301
/catalog/voronki/SVOR40/;/catalog/voronki/;301
/catalog/voronki/SVOR75/;/catalog/voronki/;301
/catalog/voronki/SVOR90/;/catalog/voronki/;301
/catalog/kopchenie/;/catalog/kulinariya/;301
/catalog/samogonovarenie/drozhzhi/drozhzhi_yes/spirtovye_turbo_drozhzhi_yes_youcan_rum_45_g_/;/catalog/spirtovye_drozhzhi/yes_rum/;301
/catalog/menzurki/SIM50S/;/catalog/menzurki/;301
/catalog/menzurki/SIM250S/;/catalog/menzurki/;301
/catalog/menzurki/SIM100S/;/catalog/menzurki/;301
/catalog/kitchen/kolbasnye_shpritsy/gorizontalnyy_2_5/;/catalog/kulinariya/;301
/catalog/samogonovarenie/soputstvuyushchie_tovary/shlangi/pnevmoshlang_8_12_ot_100m/;/catalog/soputstvuyushchie_tovary/;301
/catalog/peregonnye_kuby/ddk302t/;/catalog/peregonnye_kuby/;301
/catalog/samogonovarenie/komplektuyushchie/tsargi/setka_panchenkova_nerzh_1m/;/catalog/komplektuyushchie/;301
/catalog/samogonovarenie/izmeritelnoe_oborudovanie/termometry/termometr_18_34_s/;/catalog/termometry/;301
/catalog/samogonovarenie/ingredienty/aromatizatory/aromatizator_pishchevoy_vodka_limonnaya_etol/;/catalog/aromatizatory/;301
/catalog/samogonovarenie/rozliv-i-khranenie/shtofy-i-grafiny/butylka_rovoam_4_5_l/;/catalog/butylki_i_grafiny/;301
/catalog/samogonovarenie/izmeritelnoe_oborudovanie/menzurki/kolba_konusnaya_steklo/;/catalog/izmeritelnoe_oborudovanie/;301
/catalog/samogonovarenie/rozliv-i-khranenie/shtofy-i-grafiny/shtof_brilliant/;/catalog/butylki_i_grafiny/;301
/catalog/samogonovarenie/izmeritelnoe_oborudovanie/termometry/germetichnyy_vvod_dlya_termometra_m8/;/catalog/termometry/;301
/catalog/samogonovarenie/izmeritelnoe_oborudovanie/spirtomery/vinomer/;/catalog/izmeritelnoe_oborudovanie/;301
/catalog/kitchen/spetsii_i_pripravy/dlya_ostrykh_italyanskikh_kolbasok/;/catalog/spetsii_i_pripravy/SMPOSK50/;301
/catalog/kitchen/spetsii_i_pripravy/dlya_polukopchyenoy_kolbasy_krakovskaya/;/catalog/spetsii_i_pripravy/PDKPK36G/;301
/catalog/kitchen/spetsii_i_pripravy/gost_3/;/catalog/spetsii_i_pripravy/SMPR340/;301
/catalog/samogonovarenie/ingredienty/aromatizatory/aromatizator_pishchevoy_vishnya_etol/;/catalog/aromatizatory/;301
/catalog/samogonovarenie/rozliv-i-khranenie/shtofy-i-grafiny/shtof_grafskiy_0_5l/;/catalog/butylki_i_grafiny/;301
/catalog/samogonovarenie/ingredienty/essentsii/essentsiya_elix_irish_cream/;/catalog/essentsii/irish_cream_20/;301
/catalog/kitchen/soputstvuyushchie_tovary_kopchenie/;/catalog/kulinariya/;301
/catalog/samogonovarenie/soputstvuyushchie_tovary/shlangi/troynik_bystrosyem_pe_12_mm_belyy/;/catalog/shlangi_i_perekhodniki/;301
/catalog/kitchen/mangal/shampury_12_mm/;/catalog/kulinariya/;301
/catalog/samogonovarenie/rozliv-i-khranenie/shtofy-i-grafiny/butylka_vinnaya_vinograd_2_l/;/catalog/butylki_i_grafiny/;301
/catalog/palochki_i_kubiki/GPDB70/;/catalog/palochki_i_kubiki/;301
/catalog/samogonovarenie/komplektuyushchie/deflegmatory/deflegmator_trubchatyy_51mm/;/catalog/deflegmatory/;301
/catalog/samogonovarenie/komplektuyushchie/dzhin_korziny/dzhin_korzina_pod_2/;/catalog/dzhin_korziny/;301
/catalog/kitchen/kolbasnye_shpritsy/shprits_kolbasnyy_kleshchevoy_vertikalnyy/;/catalog/kulinariya/;301
/catalog/samogonovarenie/soputstvuyushchie_tovary/shlangi/troynik_y_obraznyy_plastik/;/catalog/soputstvuyushchie_tovary/;301
/catalog/kitchen/dlya_prigotovleniya_kolbas_i_sosisok/;/catalog/spetsii_i_pripravy/;301
/catalog/samogonovarenie/soputstvuyushchie_tovary/shlangi/zazhim_gofmana_20_mm_metall/;/catalog/shlangi_i_perekhodniki/SHZG20M/;301
/catalog/pivovarenie/solod/solod_yachmennyy_pivovarennyy_karamelnyy_300_/;/catalog/pivovarenie/;301
/catalog/samogonovarenie/rozliv-i-khranenie/shtofy-i-grafiny/butylka_khutorok_0_5_l_/;/catalog/butylki_i_grafiny/;301
/catalog/samogonovarenie/rozliv-i-khranenie/shtofy-i-grafiny/butylka_absolyut_1l/;/catalog/butylki_i_grafiny/;301
/catalog/samogonovarenie/komplektuyushchie/kholodilniki_dlya_samogonnykh_apparatov/;/catalog/kholodilniki/;301
/catalog/samogonovarenie/samogonnye_apparaty/feniks/dachnyy_ekonom/;/catalog/samogonnye_apparaty/dachnyy_ekonom/;301
/catalog/khomuty/samogonnyy_apparat_feniks_mechta_new_bez_kuba/;/catalog/samogonnye_apparaty/mechta_new/;301
/catalog/samogonovarenie/komplektuyushchie/tsargi/;/catalog/tsargi/;301
/catalog/samogonovarenie/komplektuyushchie/bystrosemy/prokladka_pod_klamp_1_5/;/catalog/khomuty/SSK5115/;301
/information/dilivery/;/delivery/;301
/catalog/kitchen/dymogeneratory-kholodnogo-kopcheniya/dymogenerator_s_filtrom/;/catalog/dymogeneratory/;301
/catalog/samogonovarenie/ingredienty/essentsii/essentsiya_prestige_calvados_20_ml/;/catalog/essentsii/calvados_20/;301
/faq/kalkulyatory/kalkulyator_rascheta_sakharnoy_bragi/;https://blog.dobriy-jar.ru/calculators/;301
/catalog/kitchen/mangal/mangal_razbornyy_s_sumkoy_480_280_150/;/catalog/kulinariya/;301
/catalog/kitchen/;/catalog/kulinariya/;301
/catalog/kitchen/mangal/;/catalog/kulinariya/;301
/catalog/kitchen/spetsii_i_pripravy/krakovskaya/;/catalog/kulinariya/;301
/catalog/kitchen/spetsii_i_pripravy/;/catalog/kulinariya/;301
/catalog/distillyatsiya/;/catalog/samogonnye_apparaty/;301
/catalog/distillyatsiya/ekstra_lyuks_pro/;/catalog/samogonnye_apparaty/ekstra_lyuks_pro/;301
/catalog/samogonovarenie/ekstra_lyuks_pro/;/catalog/samogonnye_apparaty/ekstra_lyuks_pro/;301
/catalog/samogonnye_apparaty/sirius/;/catalog/samogonnye_apparaty/sirius_new/;301
/catalog/samogonnye_apparaty/kristall/;/catalog/samogonnye_apparaty/arsenal/;301
/catalog/samogonovarenie/samogonnye_apparaty/dobryy_zhar/triumf/;/catalog/samogonnye_apparaty/triumf/;301
/catalog/samogonovarenie/soputstvuyushchie_tovary/sifony-dlya-pereliva-bragi/sifon/;/catalog/sifony/;301
/catalog/kitchen/vetchinnitsy/vetchinnitsa_1_5_kg/;/catalog/kulinariya/;301
/catalog/kitchen/vetchinnitsy/;/catalog/kulinariya/;301
/catalog/kitchen/avtoklavy/prokladka_na_avtoklav/;/catalog/kulinariya/;301
/catalog/kitchen/avtoklavy/;/catalog/kulinariya/;301
/catalog/samogonovarenie/rozliv-i-khranenie/shtofy-i-grafiny/butylka_bell/;/catalog/butylki_i_grafiny/;301
/catalog/samogonovarenie/rozliv-i-khranenie/shtofy-i-grafiny/;/catalog/butylki_i_grafiny/;301
/catalog/samogonovarenie/rozliv-i-khranenie/shtofy-i-grafiny/butyl_dlya_vina_v_plastmassovoy_korzine_10l/;/catalog/butylki_i_grafiny/;301
/catalog/samogonovarenie/rozliv-i-khranenie/shtofy-i-grafiny/;/catalog/butylki_i_grafiny/;301
/catalog/samogonovarenie/rozliv-i-khranenie/shtofy-i-grafiny/butylka_olivkovaya_bordo/;/catalog/butylki_i_grafiny/;301
/catalog/kitchen/dlya_prigotovleniya_kolbas_i_sosisok/delovaya_kolbasa/;/catalog/nabory_kolbasnika/NDELK7/;301
/catalog/samogonovarenie/soputstvuyushchie_tovary/shlangi/bystrosem_1_2_8_10_12_mm/;/catalog/shlangi_i_perekhodniki/;301
/catalog/samogonovarenie/komplektuyushchie/tarelchatye-kolonny/fleyta_s_tremya_smotrovymi_steklami/;/catalog/tarelchatye_kolonny/SSFL3S/;301
/catalog/emkosti_dlya_brozheniya/bak_dlya_brozheniya_dobryy_zhar_s_kryshkoy_gidrozatvorom_i_kranom_nakleyka_18_34/;/catalog/emkosti_dlya_brozheniya/shbbk328gkt/;301
/catalog/samogonovarenie/samogonnye_apparaty/feniks/feniks_narodnyy_new/;/catalog/samogonnye_apparaty/narodnyy_new/;301
/catalog/samogonovarenie/samogonnye_apparaty/feniks/;/catalog/samogonnye_apparaty/filter/brand-is-feniks/apply/;301
/catalog/flantsy/distillyator_arsenal/;/catalog/samogonnye_apparaty/arsenal/;301
/catalog/termometry/distillyator_dachnyy_ekonom/;/catalog/samogonnye_apparaty/dachnyy_ekonom/;301
/catalog/krany/distillyator_domashniy/;/catalog/samogonnye_apparaty/domashniy/;301
/catalog/krany/distillyator_ekstra_lyuks_pro/;/catalog/samogonnye_apparaty/ekstra_lyuks_pro/;301
/catalog/termometry/samogonnyy_apparat_feniks_elegant_ekstra_bez_kuba/;/catalog/samogonnye_apparaty/elegant_ekstra/;301
/catalog/flantsy/samogonnyy_apparat_feniks_lokomotiv_bez_kuba/;/catalog/samogonnye_apparaty/lokomotiv/;301
/catalog/khomuty/distillyator_luch/;/catalog/samogonnye_apparaty/luch/;301
/catalog/krany/samogonnyy_apparat_feniks_mechta_new_bez_kuba/;/catalog/samogonnye_apparaty/mechta_new/;301
/catalog/khomuty/distillyator_narodnyy_new/;/catalog/samogonnye_apparaty/narodnyy_new/;301
/catalog/termometry/distillyator_shakhter/;/catalog/samogonnye_apparaty/shakhter/;301
/catalog/flantsy/distillyator_zenit_12_litrov/;/catalog/samogonnye_apparaty/zenit/;301
/catalog/samogonovarenie/soputstvuyushchie_tovary/shlangi/perekhodnik/;/catalog/shlangi_i_perekhodniki/;301
/catalog/samogonovarenie/komplektuyushchie/kholodilniki_dlya_samogonnykh_apparatov/semnyy_nosik_51/;/catalog/kholodilniki/;301
/catalog/samogonovarenie/ingredienty/essentsii/essentsiya_prestige_xo_cognac_20_ml/;/catalog/essentsii/xo_cognac_20/;301
/catalog/kitchen/soputstvuyushchie_tovary_kopchenie/shchepa_olkha/;/catalog/shchepa_dlya_kopcheniya/olkha/;301
/faq/kalkulyatory/kalkulyator_razbavleniya_samogona/;https://blog.dobriy-jar.ru/calculators/;301
/catalog/kitchen/mangal/shampury_1_5_mm_1_5_mm/;/catalog/kulinariya/;301
/catalog/samogonovarenie/rozliv-i-khranenie/shtofy-i-grafiny/butylka_fufyr_3_l_/;/catalog/butylki_i_grafiny/;301
/catalog/samogonovarenie/soputstvuyushchie_tovary/shlangi/bystrosem_1_2_belyy/;/catalog/shlangi_i_perekhodniki/;301
/catalog/kitchen/avtoklavy/avtoklav_ot_mzpo_dobryy_zhar/;/catalog/avtoklavy/;301
/catalog/kitchen/kolbasnye_shpritsy/gorizontalnyy_3/;/catalog/kulinariya/;301
/catalog/samogonovarenie/izmeritelnoe_oborudovanie/voronki/voronka_b_75_110_steklo/;/catalog/voronki/;301
/catalog/samogonovarenie/izmeritelnoe_oborudovanie/voronki/;/catalog/voronki/;301
/catalog/samogonovarenie/izmeritelnoe_oborudovanie/;/catalog/izmeritelnoe_oborudovanie/;301
/catalog/samogonovarenie/ingredienty/nabory-dlya-nastaivaniya/firmennyy_glitveyn_42/;/catalog/nastoiki/;301
/catalog/samogonovarenie/komplektuyushchie/tsargi/flanets_pod_tsargu_10_sm_1_5/;/catalog/flantsy/;301
/catalog/pivovarenie/solod/solod_grechishnyy_pivovarennyy/;/catalog/pivovarenie/;301
/catalog/solod/;/catalog/pivovarenie/;301
/faq/kalkulyatory/kalkulyator_zameny_sakhara_glyukozoy/;https://blog.dobriy-jar.ru/calculators/;301
/faq/kalkulyatory/;https://blog.dobriy-jar.ru/calculators/;301
/faq/;https://blog.dobriy-jar.ru/calculators/;301
/catalog/samogonovarenie/izmeritelnoe_oborudovanie/spirtomery/nabor_areometrov/;/catalog/spirtomery/;301
/catalog/samogonovarenie/izmeritelnoe_oborudovanie/spirtomery/;/catalog/spirtomery/;301
/catalog/samogonovarenie/komplektuyushchie/tsargi/tsarga_pod_klamp_1_5_dyuyma/;/catalog/tsargi/;301
/catalog/samogonovarenie/komplektuyushchie/ugly-otvoda/;/catalog/ugly_otvoda/;301
/catalog/samogonovarenie/komplektuyushchie/;/catalog/komplektuyushchie/;301
/catalog/samogonovarenie/izmeritelnoe_oborudovanie/spirtomery/areometr_0_40/;/catalog/spirtomery/;301
/catalog/samogonovarenie/izmeritelnoe_oborudovanie/vesy/lozhka_vesy/;/catalog/vesy/;301
/catalog/samogonovarenie/izmeritelnoe_oborudovanie/vesy/;/catalog/vesy/;301
/catalog/samogonovarenie/izmeritelnoe_oborudovanie/termometry/termometr_elektronnyy_chernyy/;/catalog/termometry/;301
/catalog/samogonovarenie/izmeritelnoe_oborudovanie/termometry/;/catalog/termometry/;301
/catalog/samogonovarenie/izmeritelnoe_oborudovanie/voronki/voronka_nerzhaveyka_11_sm/;/catalog/voronki/;301
/catalog/samogonovarenie/rozliv-i-khranenie/shtofy-i-grafiny/butyl_fufyr_3_l/;/catalog/butylki_i_grafiny/;301
/catalog/samogonovarenie/emkosti/peregonnyy_kub_dobryy_zhar_50_litrov/;/catalog/peregonnye_kuby/filter/brand-is-dobriy-jar/apply/;301
/catalog/kitchen/avtoklavy/klassicheskiy_avtoklav_ot_mzpo_dobryy_zhar/;/catalog/avtoklavy/;301
/catalog/samogonovarenie/rozliv-i-khranenie/shtofy-i-grafiny/shtof_arka/;/catalog/butylki_i_grafiny/;301
/catalog/samogonovarenie/rozliv-i-khranenie/shtofy-i-grafiny/shtof_pierkub/;/catalog/butylki_i_grafiny/;301
/catalog/pivovarenie/khmel/khmel_granulirovannyy_khallertauer_mittelfryu/;/catalog/pivovarenie/;301
/catalog/khmel/;/catalog/pivovarenie/;301
/catalog/pivovarenie/solod/solod_yachmennyy_pivovarennyy_karamelnyy_50/;/catalog/pivovarenie/;301
/catalog/pivovarenie/khmel/khmel_gran_aromatnyy_perle/;/catalog/pivovarenie/;301
/catalog/samogonovarenie/izmeritelnoe_oborudovanie/termometry/termometr_s_provodom_1_m/;/catalog/termometry/;301
/catalog/samogonovarenie/komplektuyushchie/tarelchatye-kolonny/tarelchataya_kolonna_d75_/;/catalog/tarelchatye_kolonny/;301
/catalog/samogonovarenie/komplektuyushchie/tarelchatye-kolonny/;/catalog/tarelchatye_kolonny/;301
/catalog/samogonovarenie/rozliv-i-khranenie/shtofy-i-grafiny/grafin_barskiy/;/catalog/butylki_i_grafiny/;301
/catalog/kitchen/mangal/mangal_razbornyy_s_sumkoy_380_280_150/;/catalog/kulinariya/;301
/catalog/samogonovarenie/samogonnye_apparaty/dobryy_zhar/ekstra_lyuks_pro/;/catalog/samogonnye_apparaty/ekstra_lyuks_pro/;301
/catalog/samogonovarenie/samogonnye_apparaty/dobryy_zhar/;/catalog/samogonnye_apparaty/filter/brand-is-dobriy-jar/apply/;301
/catalog/peregonnye_kuby/fpk120/;/catalog/peregonnye_kuby/filter/brand-is-feniks/apply/;301
/catalog/samogonovarenie/komplektuyushchie/uzly_otbora/uzel_otbora_1_5/;/catalog/uzly_otbora/;301
/catalog/samogonovarenie/komplektuyushchie/uzly_otbora/;/catalog/uzly_otbora/;301
/catalog/samogonovarenie/samogonnye_apparaty/dobryy_zhar/absolyut_pro/;/catalog/samogonnye_apparaty/absolyut-7/;301
/catalog/kitchen/nitritnaya_sol/nitritnaya_sol_1000/;/catalog/nitritnaya_sol/;301
/catalog/kitchen/nitritnaya_sol/;/catalog/nitritnaya_sol/;301
/catalog/samogonovarenie/rozliv-i-khranenie/shtofy-i-grafiny/butyl_kazatskiy_15l/;/catalog/butylki_i_grafiny/;301
/catalog/samogonovarenie/komplektuyushchie/ugolnye_kolonny/ugolnaya_kolonna_d_40_h_335_steklyannaya/;/catalog/ugolnye_kolonny/;301
/catalog/samogonovarenie/komplektuyushchie/ugolnye_kolonny/;/catalog/ugolnye_kolonny/;301
/catalog/samogonovarenie/komplektuyushchie/ugolnye_kolonny/kolonna_ugolnaya_1/;/catalog/ugolnye_kolonny/;301
/catalog/samogonovarenie/rozliv-i-khranenie/shtofy-i-grafiny/butylka_khutorok_0_5_l/;/catalog/butylki_i_grafiny/;301
/catalog/samogonovarenie/komplektuyushchie/tsargi/perekhodnik_s_1_5_na_2/;/catalog/tsargi/sp152/;301
/catalog/samogonovarenie/rozliv-i-khranenie/shtofy-i-grafiny/butylka_guala_1l/;/catalog/butylki_i_grafiny/;301
/catalog/samogonovarenie/soputstvuyushchie_tovary/nagrev_bragi/nagrevatel_bragi_pogruzhnoy/;/catalog/nagrev/;301
/catalog/samogonovarenie/soputstvuyushchie_tovary/nagrev_bragi/;/catalog/nagrev/;301
/catalog/samogonovarenie/soputstvuyushchie_tovary/;/catalog/soputstvuyushchie_tovary/;301
/catalog/samogonovarenie/soputstvuyushchie_tovary/shlangi/igolchatyy_kran_10_mm/;/catalog/shlangi_i_perekhodniki/;301
/catalog/samogonovarenie/soputstvuyushchie_tovary/shlangi/;/catalog/shlangi_i_perekhodniki/;301
/faq/kalkulyatory/kalkulyator_vtoroy_peregonki/;https://blog.dobriy-jar.ru/calculators/;301
/catalog/samogonovarenie/samogonnye_apparaty/feniks/elegant_pro/;/catalog/samogonnye_apparaty/elegant_ekstra/;301
/catalog/samogonovarenie/komplektuyushchie/bystrosemy/klamp_s_prokladkoy_1_5/;/catalog/shlangi_i_perekhodniki/;301
/catalog/samogonovarenie/komplektuyushchie/bystrosemy/;/catalog/shlangi_i_perekhodniki/;301
/catalog/samogonovarenie/rozliv-i-khranenie/shtofy-i-grafiny/kolpachok_tipa_guala_siniy/;/catalog/butylki_i_grafiny/;301
/information/steel/;/;301
/information/;/;301
/catalog/kontsentraty/KPSSN/;/catalog/kontsentraty/;301
/catalog/samogonovarenie/rozliv-i-khranenie/shtofy-i-grafiny/shtof_barskiy/;/catalog/butylki_i_grafiny/;301
/catalog/samogonovarenie/komplektuyushchie/ugly-otvoda/otvod_90/;/catalog/ugly_otvoda/;301
/catalog/samogonovarenie/rozliv-i-khranenie/shtofy-i-grafiny/shtof_1_2_l/;/catalog/butylki_i_grafiny/;301
/catalog/samogonovarenie/komplektuyushchie/deflegmatory/;/catalog/deflegmatory/;301
/catalog/samogonovarenie/prigotovlenie-napitka/emkosti_dlya_brozheniya/;/catalog/emkosti_dlya_brozheniya/;301
/catalog/samogonovarenie/prigotovlenie-napitka/;/catalog/ingredienty/;301
/catalog/samogonovarenie/komplektuyushchie/tsargi/tsarga_1_5_35_sm/;/catalog/tsargi/;301
/catalog/samogonovarenie/komplektuyushchie/kholodilniki_dlya_samogonnykh_apparatov/semnyy_nosik_38/;/catalog/kholodilniki/;301
/catalog/samogonovarenie/izmeritelnoe_oborudovanie/termometry/termometr_osevoy/;/catalog/termometry/SSTON/;301
/catalog/samogonovarenie/rozliv-i-khranenie/shtofy-i-grafiny/kolpachok_tipa_guala_temno_zelenyy/;/catalog/butylki_i_grafiny/;301
/catalog/samogonovarenie/samogonnye_apparaty/feniks/sirius_pro/;/catalog/samogonnye_apparaty/sirius_new/;301
/catalog/samogonovarenie/komplektuyushchie/tarelchatye-kolonny/tarelchataya_kolonna_90_4_kolpaka_3_paluby_h_41_cm_2_/;/catalog/tarelchatye_kolonny/;301
/information/kdp/;/about/;301
/catalog/samogonovarenie/izmeritelnoe_oborudovanie/menzurki/;/catalog/menzurki/;301
/catalog/samogonovarenie/izmeritelnoe_oborudovanie/menzurki/menzurka_50_mm_steklo_/;/catalog/menzurki/;301
/catalog/kitchen/soputstvuyushchie_tovary_kopchenie/shchepa_vishnya/;/catalog/shchepa_dlya_kopcheniya/vishnya/;301
/information/about/;/about/;301
/catalog/samogonovarenie/soputstvuyushchie_tovary/shlangi/troynik_bystrosem_8_10_12_mm/;/catalog/shlangi_i_perekhodniki/;301
/catalog/samogonovarenie/komplektuyushchie/bystrosemy/klamp_s_prokladkoy_2/;/catalog/shlangi_i_perekhodniki/;301
/catalog/kontsentraty/krsbr/;/catalog/kontsentraty/;301
/catalog/samogonovarenie/rozliv-i-khranenie/shtofy-i-grafiny/kolpachki_s_perforatsiey_raznye_tsveta_31_mm_100_sht/;/catalog/butylki_i_grafiny/;301
/catalog/samogonovarenie/soputstvuyushchie_tovary/shlangi/kran_igolchatyy_universalnoy_sistemy_lyuks_pod_trubki_10_mm/;/catalog/shlangi_i_perekhodniki/sskil10/;301
/catalog/samogonovarenie/izmeritelnoe_oborudovanie/tsilindry/tsilindr_steklo_25_ml/;/catalog/tsilindry/SICS25/;301
/catalog/samogonovarenie/izmeritelnoe_oborudovanie/tsilindry/;/catalog/tsilindry/;301
/catalog/samogonovarenie/izmeritelnoe_oborudovanie/;/catalog/izmeritelnoe_oborudovanie/;301
/catalog/peregonnye_kuby/DDK25T/;/catalog/peregonnye_kuby/ddk/;301
/catalog/samogonovarenie/soputstvuyushchie_tovary/shlangi/perekhodnik_dlya_shlanga_s_6_10_mm_latun/;/catalog/shlangi_i_perekhodniki/;301
/catalog/samogonovarenie/soputstvuyushchie_tovary/emkosti_dlya_brozheniya/;/catalog/emkosti_dlya_brozheniya/;301
/faq/kalkulyatory/kalkulyator_smeshivaniya_alkogolya/;https://blog.dobriy-jar.ru/calculators/;301
/faq/kalkulyatory/kalkulyator_absolyutnogo_spirta_i_otbora_golov/;https://blog.dobriy-jar.ru/calculators/;301
/catalog/samogonovarenie/samogonnye_apparaty/dobryy_zhar/domashniy/;/catalog/samogonnye_apparaty/domashniy/;301
/catalog/samogonovarenie/samogonnye_apparaty/feniks/ekonom/;/catalog/samogonnye_apparaty/dachnyy_ekonom/;301
/catalog/samogonovarenie/komplektuyushchie/dzhin_korziny/sukhoparnik_na_banku/;/catalog/sukhoparniki/sssb/;301
/catalog/samogonovarenie/komplektuyushchie/dzhin_korziny/;/catalog/dzhin_korziny/;301
/catalog/samogonovarenie/ingredienty/essentsii/essentsiya_prestige_tequila_gold_20_ml/;/catalog/essentsii/filter/vkus-is-tequila/apply/;301
/catalog/samogonovarenie/samogonnye_apparaty/feniks/elegant/;/catalog/samogonnye_apparaty/elegant_ekstra/;301
/catalog/samogonovarenie/izmeritelnoe_oborudovanie/spirtomery/kapillyarnyy_vinomer_0_25/;/catalog/spirtomery/;301
/catalog/voronki/svor75/;/catalog/voronki/;301
/catalog/samogonovarenie/samogonnye_apparaty/feniks/mechta_2/;/catalog/samogonnye_apparaty/mechta_new/;301
/catalog/samogonovarenie/rozliv-i-khranenie/shtofy-i-grafiny/kolpachok_tipa_guala_zolotoy/;/catalog/butylki_i_grafiny/;301
/catalog/kitchen/soputstvuyushchie_tovary_kopchenie/shchepa_abrikos_500_gr/;/catalog/shchepa_dlya_kopcheniya/abrikos/;301
